場所,芝・ダ,距離,馬場状態,レース数,勝ち時計平均秒,勝ち上り3F平均,RPCI平均,平均1Fタイム,平均速度,Ave_3F平均,勝ち馬4角率平均,勝ち馬PCI平均,三着内上り3F平均,三着内4角率平均,三着内先行率_4角35以内,三着内差し追込率_4角60超,標準ペース判定,好走ゾーン,勝ち時計平均
中京,ダ,1200,不,8,70.7125,36.25,44.1,11.785,61.0975,34.4625,0.13399673243423244,45.1375,36.132,0.30425857475857476,64.0,16.0,ハイ/持続,前残り・先行優勢,1:10.7
中京,ダ,1200,稍,29,71.5,36.48620689655172,43.97586206896552,11.916896551724138,60.42620689655172,35.01379310344827,0.2624682788475892,45.99310344827586,36.50344827586207,0.33724029801616007,63.2183908045977,19.54022988505747,ハイ/持続,前残り・先行優勢,1:11.5
中京,ダ,1200,良,91,71.8108695652174,36.5304347826087,44.292391304347824,11.968695652173912,60.164891304347826,35.2804347826087,0.27443077755577755,46.61739130434783,36.62380952380952,0.3420049273071251,59.34065934065934,19.78021978021978,ハイ/持続,前残り・先行優勢,1:11.8
中京,ダ,1200,重,13,70.62307692307692,35.823076923076925,44.607692307692304,11.77076923076923,61.175384615384615,34.8,0.2798992673992674,47.184615384615384,36.16153846153846,0.2513888888888889,71.7948717948718,10.256410256410255,ハイ/持続,前残り・先行優勢,1:10.6
中京,ダ,1400,不,16,82.95625,36.63125,42.64375,11.85125,60.765,34.746875,0.32370650183150185,44.9125,36.72708333333333,0.40563663766788766,52.083333333333336,33.33333333333333,ハイ/持続,中間/混合,1:23.0
中京,ダ,1400,稍,52,84.21538461538461,36.919230769230765,44.090384615384615,12.031153846153845,59.856923076923074,35.475,0.3284363339651801,46.14038461538462,37.029487179487184,0.36034160817814664,57.692307692307686,19.230769230769234,ハイ/持続,前残り・先行優勢,1:24.2
中京,ダ,1400,良,158,84.39493670886075,37.09177215189873,43.74810126582278,12.056012658227848,59.72259493670886,35.479873417721514,0.2847887608172418,45.70189873417721,37.18487394957983,0.3592283766653514,56.9327731092437,19.95798319327731,ハイ/持続,前残り・先行優勢,1:24.4
中京,ダ,1400,重,18,83.08888888888889,36.49444444444444,43.69444444444444,11.870555555555555,60.66055555555556,34.94777777777777,0.24735449735449735,45.81666666666667,36.49074074074074,0.3812830687830688,55.55555555555556,20.37037037037037,ハイ/持続,前残り・先行優勢,1:23.1
中京,ダ,1800,不,15,110.77333333333333,37.1,47.84666666666667,12.309333333333335,58.508,36.836666666666666,0.2912003737003737,49.32666666666667,37.315555555555555,0.3133496441829775,66.66666666666666,11.11111111111111,やや速い,前残り・先行優勢,1:50.8
中京,ダ,1800,稍,54,112.78333333333333,37.64074074074074,48.48148148148148,12.531481481481482,57.46037037037037,37.571296296296296,0.25876625946070386,49.894444444444446,37.87469135802469,0.32454286968175855,62.34567901234568,13.580246913580247,やや速い,前残り・先行優勢,1:52.8
中京,ダ,1800,良,194,113.10153846153845,37.5374358974359,49.11897435897436,12.56671794871795,57.30148717948718,37.782051282051285,0.29626476799553725,50.717948717948715,37.71629502572898,0.344165202055425,58.662092624356774,15.951972555746142,やや速い,前残り・先行優勢,1:53.1
中京,ダ,1800,重,27,111.20370370370371,36.718518518518515,49.837037037037035,12.357407407407406,58.28074074074074,37.242592592592594,0.28057729307729307,51.44444444444444,36.94197530864198,0.2960242432464655,70.37037037037037,12.345679012345679,やや速い,前残り・先行優勢,1:51.2
中京,ダ,1900,不,8,118.0125,36.6375,51.7375,12.4225,57.96125,37.55875,0.25853365384615384,52.537499999999994,36.858333333333334,0.3061298076923077,66.66666666666666,12.5,標準〜やや上がり,前残り・先行優勢,1:58.0
中京,ダ,1900,稍,21,119.78095238095239,37.83809523809524,47.90952380952381,12.607619047619048,57.10857142857143,37.820952380952384,0.33676693676693675,49.96190476190476,38.13809523809523,0.33405659596135784,55.55555555555556,15.873015873015872,やや速い,前残り・先行優勢,1:59.8
中京,ダ,1900,良,78,119.91666666666667,37.77564102564103,48.65897435897436,12.623205128205129,57.046410256410255,37.91128205128205,0.3067899159245313,50.42692307692308,37.899145299145296,0.36628356211689544,54.27350427350427,19.65811965811966,やや速い,中間/混合,1:59.9
中京,ダ,1900,重,8,116.925,36.7125,49.1375,12.30875,58.50625,37.02,0.2935267857142857,50.875,37.11666666666667,0.2552083333333333,75.0,8.333333333333332,やや速い,前残り・先行優勢,1:56.9
中京,芝,1200,不,6,71.18333333333334,35.75,46.51666666666667,11.865,60.69833333333333,35.43333333333333,0.3710826210826211,49.199999999999996,35.80555555555556,0.4349952516619183,38.88888888888889,44.44444444444444,やや速い,差し届く,1:11.2
中京,芝,1200,稍,13,68.99230769230769,34.38461538461539,47.52307692307692,11.5,62.62,34.60769230769231,0.3651018099547511,50.676923076923075,34.40256410256411,0.4305262275850511,48.717948717948715,28.205128205128204,やや速い,中間/混合,1:09.0
中京,芝,1200,良,112,68.28571428571429,33.90625,48.604464285714286,11.38125,63.27089285714286,34.379464285714285,0.2897636771783305,51.43928571428571,33.94302670623145,0.3549905327309761,55.78635014836796,17.210682492581604,やや速い,前残り・先行優勢,1:08.3
中京,芝,1200,重,10,69.25,34.510000000000005,47.980000000000004,11.541,62.391,34.739999999999995,0.29534090909090904,50.71,34.483333333333334,0.3761826599326599,43.333333333333336,16.666666666666664,やや速い,中間/混合,1:09.2
中京,芝,1400,不,2,83.5,36.95,43.099999999999994,11.93,60.36,34.915,0.16666666666666666,44.5,36.68333333333333,0.39999999999999997,50.0,33.33333333333333,ハイ/持続,中間/混合,1:23.5
中京,芝,1400,稍,25,81.41199999999999,34.668,47.972,11.6304,61.9112,35.0604,0.38860745137215724,51.18,34.73947368421052,0.4282237585256161,43.42105263157895,23.684210526315788,やや速い,中間/混合,1:21.4
中京,芝,1400,良,140,80.82785714285714,34.44714285714286,48.37571428571429,11.546928571428571,62.36257142857143,34.78764285714286,0.3546495130686307,51.015,34.48952380952381,0.4073038768732046,47.85714285714286,24.761904761904763,やや速い,中間/混合,1:20.8
中京,芝,1400,重,8,82.15,35.6875,45.4875,11.735,61.35625,34.85,0.24199099511599512,47.6875,35.6875,0.4325644841269842,54.166666666666664,37.5,ハイ/持続,差し届く,1:22.2
中京,芝,1600,不,3,98.56666666666666,37.733333333333334,45.03333333333333,12.323333333333332,58.446666666666665,36.5,0.40374440374440373,47.06666666666666,37.766666666666666,0.4359652692986027,44.44444444444444,22.22222222222222,ハイ/持続,中間/混合,1:38.6
中京,芝,1600,稍,22,94.76818181818182,34.63181818181818,50.940909090909095,11.848181818181816,60.78409090909091,36.08181818181818,0.44853568149022693,54.22727272727273,34.80757575757576,0.4209177817132363,43.93939393939394,25.757575757575758,標準〜やや上がり,中間/混合,1:34.8
中京,芝,1600,良,173,94.11445086705201,34.31040462427745,52.39132947976879,11.765549132947978,61.209479768786125,35.88242774566474,0.35838385282026897,54.63815028901734,34.39692307692308,0.38953402900518286,51.73076923076923,20.192307692307693,標準〜やや上がり,中間/混合,1:34.1
中京,芝,1600,重,16,95.75,34.9625,51.71875,11.969375,60.165625,36.4725,0.3880809294871795,54.3625,35.239583333333336,0.36633279914529915,50.0,20.833333333333336,標準〜やや上がり,中間/混合,1:35.8
中京,芝,2000,不,3,127.23333333333335,36.46666666666667,55.53333333333333,12.723333333333334,56.596666666666664,38.903333333333336,0.4503968253968254,56.96666666666667,36.62222222222223,0.4689153439153439,44.44444444444444,33.33333333333333,スロー上がり,中間/混合,2:07.2
中京,芝,2000,稍,27,121.61851851851851,35.07037037037037,54.26296296296296,12.161851851851852,59.20518518518519,37.092222222222226,0.33484253884580684,55.851851851851855,35.13950617283951,0.3666381921556214,55.55555555555556,18.51851851851852,スロー上がり,前残り・先行優勢,2:01.6
中京,芝,2000,良,221,120.6398190045249,34.56063348416289,54.705882352941174,12.063981900452488,59.68918552036199,36.891221719457015,0.38667360461677736,56.80542986425339,34.70361445783133,0.394126650453059,51.204819277108435,23.64457831325301,スロー上がり,中間/混合,2:00.6
中京,芝,2000,重,18,122.4888888888889,35.43333333333333,53.766666666666666,12.24888888888889,58.787222222222226,37.30944444444444,0.2768743602076935,55.38333333333333,35.54259259259259,0.356233170122059,61.111111111111114,18.51851851851852,標準〜やや上がり,前残り・先行優勢,2:02.5
中京,芝,2200,不,6,139.65,37.06666666666667,52.23333333333333,12.698333333333332,56.715,38.47,0.5223484848484848,53.916666666666664,37.47222222222222,0.42904040404040406,33.33333333333333,27.77777777777778,標準〜やや上がり,中間/混合,2:19.7
中京,芝,2200,稍,22,134.93636363636364,35.25909090909091,54.45,12.266818181818183,58.70227272727273,37.38090909090909,0.3594503980867617,56.1,35.333333333333336,0.3980929300448017,50.0,22.727272727272727,スロー上がり,中間/混合,2:14.9
中京,芝,2200,良,112,133.22589285714284,34.89196428571429,53.61071428571428,12.11169642857143,59.45401785714286,36.87616071428572,0.40233578134050824,55.753571428571426,35.0452380952381,0.4211021597838825,44.94047619047619,22.61904761904762,標準〜やや上がり,中間/混合,2:13.2
中京,芝,2200,重,12,135.46666666666667,35.86666666666667,52.19166666666666,12.315,58.47333333333333,37.35166666666667,0.4253388972138972,54.19166666666666,36.15833333333333,0.4505518786768786,33.33333333333333,19.444444444444446,標準〜やや上がり,中間/混合,2:15.5
中京,芝,3000,稍,1,190.2,38.3,43.9,12.68,56.78,37.98,0.23529411764705882,49.2,38.96666666666667,0.19607843137254902,100.0,0.0,ハイ/持続,前残り・先行優勢,3:10.2
中京,芝,3000,良,3,183.86666666666667,35.333333333333336,52.46666666666666,12.26,58.74,37.13666666666666,0.5064102564102564,55.1,35.67777777777778,0.36385836385836384,55.55555555555556,22.22222222222222,標準〜やや上がり,前残り・先行優勢,3:03.9
中京,芝,3300,不,1,218.3,13.2,,13.23,54.42,,0.2,,13.266666666666666,0.23333333333333336,66.66666666666666,0.0,不明,前残り・先行優勢,3:38.3
中京,芝,3300,良,4,215.6,13.05,,13.065,55.11,,0.11379245754245754,,13.108333333333334,0.22574300699300698,83.33333333333334,8.333333333333332,不明,前残り・先行優勢,3:35.6
中京,芝,3900,良,1,254.8,13.1,,13.07,55.1,,0.09090909090909091,,13.1,0.21212121212121213,66.66666666666666,0.0,不明,前残り・先行優勢,4:14.8
中京,芝,3900,重,1,257.7,13.2,,13.22,54.48,,0.1111111111111111,,13.233333333333334,0.1851851851851852,100.0,0.0,不明,前残り・先行優勢,4:17.7
中山,ダ,1200,不,24,70.42083333333333,36.375,41.458333333333336,11.737499999999999,61.352916666666665,34.045833333333334,0.2847489316239316,43.625,36.49583333333333,0.3258903133903134,62.5,15.277777777777779,ハイ/持続,前残り・先行優勢,1:10.4
中山,ダ,1200,稍,115,71.1295652173913,36.76260869565217,41.32260869565218,11.855130434782607,60.74,34.36695652173913,0.2639870998566651,43.528695652173916,36.818260869565215,0.3294287837766099,62.31884057971014,17.971014492753625,ハイ/持続,前残り・先行優勢,1:11.1
中山,ダ,1200,良,337,71.25769230769231,36.811834319526625,41.35207100591716,11.876449704142011,60.631863905325446,34.445857988165685,0.2658301387961151,43.61420118343195,36.872161895360314,0.33538590810308483,61.00691016781836,17.17670286278381,ハイ/持続,前残り・先行優勢,1:11.3
中山,ダ,1200,重,44,70.65454545454546,36.481818181818184,42.14772727272727,11.776363636363635,61.14977272727273,34.17272727272728,0.19640037992310722,43.71818181818182,36.50909090909091,0.30048578315623775,68.93939393939394,14.393939393939394,ハイ/持続,前残り・先行優勢,1:10.7
中山,ダ,1800,不,26,111.66923076923078,37.646153846153844,47.4076923076923,12.406153846153845,58.03730769230769,37.01153846153846,0.19838206665129743,48.349999999999994,37.782051282051285,0.2799954141300295,73.07692307692307,14.102564102564102,やや速い,前残り・先行優勢,1:51.7
中山,ダ,1800,稍,122,113.25491803278689,37.94918032786885,47.87049180327869,12.584016393442623,57.22155737704918,37.652868852459015,0.22414131860853173,49.2672131147541,38.15409836065574,0.2855427473255342,69.67213114754098,9.289617486338798,やや速い,前残り・先行優勢,1:53.3
中山,ダ,1800,良,346,113.77031700288185,38.15331412103747,47.62190201729106,12.641181556195965,56.961152737752165,37.808501440922186,0.2510163667584417,49.14438040345821,38.302890173410404,0.30404519345993336,65.02890173410405,13.005780346820808,やや速い,前残り・先行優勢,1:53.8
中山,ダ,1800,重,45,112.42444444444445,37.63111111111111,48.437777777777775,12.491111111111111,57.64222222222222,37.39666666666666,0.20780426363759696,49.44444444444444,37.755147058823525,0.26860316970611087,75.73529411764706,9.558823529411764,やや速い,前残り・先行優勢,1:52.4
中山,ダ,2400,不,7,153.21428571428572,37.471428571428575,51.371428571428574,12.768571428571429,56.395714285714284,38.58,0.3132797757797758,53.042857142857144,37.94285714285714,0.2781903281903282,66.66666666666666,4.761904761904762,標準〜やや上がり,前残り・先行優勢,2:33.2
中山,ダ,2400,稍,9,155.2,38.2,50.51111111111111,12.934444444444445,55.67888888888889,39.0,0.28196294446294445,52.15555555555555,38.7037037037037,0.2305299638632972,74.07407407407408,7.4074074074074066,標準〜やや上がり,前残り・先行優勢,2:35.2
中山,ダ,2400,良,53,156.21509433962262,38.698113207547166,50.20566037735849,13.01867924528302,55.31320754716981,39.17283018867924,0.18245863151523528,51.26792452830188,38.794968553459114,0.29767062078382833,67.29559748427673,10.69182389937107,標準〜やや上がり,前残り・先行優勢,2:36.2
中山,ダ,2400,重,9,154.94444444444446,38.455555555555556,49.400000000000006,12.914444444444445,55.76777777777778,38.830000000000005,0.3027659069325736,51.044444444444444,38.75555555555556,0.31841563786008226,59.25925925925925,14.814814814814813,やや速い,前残り・先行優勢,2:34.9
中山,ダ,2500,稍,2,163.8,39.45,49.4,13.105,54.945,39.265,0.11309523809523808,49.55,39.93333333333333,0.24206349206349206,66.66666666666666,0.0,やや速い,前残り・先行優勢,2:43.8
中山,ダ,2500,良,8,162.875,38.8625,50.0375,13.03,55.26,39.16125,0.15969967532467533,50.85,39.17916666666667,0.2697172619047619,66.66666666666666,4.166666666666666,標準〜やや上がり,前残り・先行優勢,2:42.9
中山,ダ,3200,稍,1,214.7,13.4,,13.42,53.66,,0.07142857142857142,,13.533333333333333,0.19047619047619047,100.0,0.0,不明,前残り・先行優勢,3:34.7
中山,ダ,3200,良,11,215.35454545454547,13.463636363636363,,13.460909090909091,53.49727272727273,,0.17779695052422326,,13.493939393939394,0.2466716784898603,75.75757575757575,6.0606060606060606,不明,前残り・先行優勢,3:35.4
中山,芝,1200,不,3,72.63333333333334,37.13333333333333,41.333333333333336,12.106666666666667,59.48,35.5,0.36239316239316244,45.6,37.37777777777777,0.43133903133903134,44.44444444444444,33.33333333333333,ハイ/持続,中間/混合,1:12.6
中山,芝,1200,稍,32,68.803125,34.51875,46.64375,11.4659375,62.7940625,34.284375,0.33961537594350094,49.371875,34.666666666666664,0.3465966180809931,57.291666666666664,13.541666666666666,やや速い,前残り・先行優勢,1:08.8
中山,芝,1200,良,193,68.28134715025907,34.19378238341969,47.19481865284974,11.380103626943006,63.27538860103627,34.08756476683938,0.30644271531577233,49.72849740932643,34.28,0.3365096541389645,60.689655172413794,15.0,やや速い,前残り・先行優勢,1:08.3
中山,芝,1200,重,12,69.59166666666667,35.083333333333336,45.574999999999996,11.6,62.089166666666664,34.50833333333333,0.38543574481074483,48.416666666666664,35.24722222222223,0.3317969067969068,72.22222222222221,22.22222222222222,ハイ/持続,前残り・先行優勢,1:09.6
中山,芝,1600,不,3,96.76666666666667,36.46666666666667,46.63333333333333,12.096666666666666,59.52666666666667,36.18,0.4930555555555555,49.199999999999996,36.74444444444444,0.4393518518518518,33.33333333333333,11.11111111111111,やや速い,中間/混合,1:36.8
中山,芝,1600,稍,43,94.76511627906977,35.093023255813954,49.27906976744186,11.846744186046513,60.78906976744186,35.803255813953484,0.33956447299470555,52.09069767441861,35.25968992248062,0.35424933593538244,56.58914728682171,17.829457364341085,やや速い,前残り・先行優勢,1:34.8
中山,芝,1600,良,289,93.97128027681661,34.60311418685121,50.4477508650519,11.747508650519032,61.304948096885816,35.620899653979244,0.3297925450174585,52.989965397923875,34.716359447004606,0.35591971872213807,56.68202764976959,16.82027649769585,標準〜やや上がり,前残り・先行優勢,1:34.0
中山,芝,1600,重,14,95.55,35.94285714285714,47.26428571428572,11.944999999999999,60.28857142857142,35.76428571428571,0.2796114599686028,49.57857142857143,36.22142857142857,0.33316435548578405,57.14285714285714,16.666666666666664,やや速い,前残り・先行優勢,1:35.5
中山,芝,1800,不,6,112.91666666666667,37.36666666666667,47.86666666666667,12.546666666666667,57.39666666666667,37.775,0.5763888888888888,51.166666666666664,37.794444444444444,0.389976150392817,50.0,16.666666666666664,やや速い,中間/混合,1:52.9
中山,芝,1800,稍,27,109.11111111111111,35.43703703703704,52.596296296296295,12.122962962962962,59.39518518518519,36.837037037037035,0.24194205999761553,54.03703703703704,35.382716049382715,0.3318533147236851,58.0246913580247,13.580246913580247,標準〜やや上がり,前残り・先行優勢,1:49.1
中山,芝,1800,良,156,108.1128205128205,34.70384615384616,53.61474358974359,12.012564102564102,59.94358974358975,36.704487179487174,0.3152071219378912,55.81794871794872,34.7908315565032,0.3402046188826573,58.42217484008528,11.940298507462686,標準〜やや上がり,前残り・先行優勢,1:48.1
中山,芝,1800,重,16,110.45,36.25625,50.16875,12.27125,58.68,37.096875,0.3018635010822511,52.43125,36.275,0.32129667207792206,64.58333333333334,14.583333333333334,標準〜やや上がり,前残り・先行優勢,1:50.5
中山,芝,2000,不,4,127.275,37.9,48.575,12.7275,56.5775,38.305,0.3005050505050505,51.125,38.333333333333336,0.30892255892255893,50.0,8.333333333333332,やや速い,中間/混合,2:07.3
中山,芝,2000,稍,35,121.66857142857141,35.457142857142856,52.08,12.166857142857143,59.18542857142857,36.94685714285715,0.31157536441149886,54.254285714285714,35.60190476190476,0.349146242801705,59.04761904761905,14.285714285714285,標準〜やや上がり,前残り・先行優勢,2:01.7
中山,芝,2000,良,187,120.5994652406417,34.989839572192516,52.91657754010695,12.059946524064172,59.711176470588235,36.69,0.3262518915672423,54.903743315508024,35.09341637010676,0.36517238590846507,53.91459074733096,15.658362989323843,標準〜やや上がり,中間/混合,2:00.6
中山,芝,2000,重,14,122.39285714285714,36.09285714285714,49.6,12.239285714285714,58.833571428571425,36.98571428571428,0.4696057210763093,52.521428571428565,36.37619047619047,0.4225152434711258,42.857142857142854,26.190476190476193,やや速い,中間/混合,2:02.4
中山,芝,2200,不,2,137.25,37.5,48.45,12.48,57.705,37.41,0.2426470588235294,49.75,37.35,0.3390522875816993,66.66666666666666,0.0,やや速い,前残り・先行優勢,2:17.2
中山,芝,2200,稍,13,135.0076923076923,35.45384615384615,53.83076923076923,12.273076923076925,58.67076923076923,37.33384615384615,0.33247094785556325,55.33846153846154,35.56923076923077,0.3570859340090109,64.1025641025641,20.51282051282051,標準〜やや上がり,前残り・先行優勢,2:15.0
中山,芝,2200,良,86,133.7058139534884,34.88837209302326,54.193023255813955,12.155116279069766,59.24511627906977,37.05732558139535,0.30964026758315405,56.27325581395349,34.97876447876448,0.34319759403793015,57.91505791505791,11.583011583011583,スロー上がり,前残り・先行優勢,2:13.7
中山,芝,2200,重,5,136.44,36.160000000000004,51.6,12.404,58.074,37.606,0.43560606060606055,53.98,36.36,0.42319023569023567,33.33333333333333,20.0,標準〜やや上がり,中間/混合,2:16.4
中山,芝,2500,不,1,156.8,36.8,53.0,12.54,57.4,37.89,0.08333333333333333,53.0,37.266666666666666,0.2222222222222222,66.66666666666666,0.0,標準〜やや上がり,前残り・先行優勢,2:36.8
中山,芝,2500,稍,19,154.76315789473685,35.91578947368421,52.92631578947368,12.381578947368421,58.15842105263158,37.53105263157895,0.2619849448796817,54.578947368421055,35.9859649122807,0.3201942794048057,54.385964912280706,10.526315789473683,標準〜やや上がり,中間/混合,2:34.8
中山,芝,2500,良,79,153.87125,35.1,54.86125,12.30975,58.498875,37.50675,0.3361060467310467,56.90625,35.24852320675105,0.3588318737052914,54.85232067510548,15.611814345991561,スロー上がり,中間/混合,2:33.9
中山,芝,2500,重,3,155.23333333333332,36.06666666666666,51.199999999999996,12.42,57.98,37.63333333333333,0.38095238095238093,54.5,35.98888888888889,0.3333333333333333,66.66666666666666,22.22222222222222,標準〜やや上がり,前残り・先行優勢,2:35.2
中山,芝,3210,不,1,225.7,14.1,,14.06,51.2,,0.21428571428571427,,14.133333333333333,0.19047619047619047,100.0,0.0,不明,前残り・先行優勢,3:45.7
中山,芝,3210,稍,5,219.56,13.680000000000001,,13.680000000000001,52.636,,0.24876123876123873,,13.706666666666667,0.20756576756576758,86.66666666666667,0.0,不明,前残り・先行優勢,3:39.6
中山,芝,3210,良,2,215.95,13.45,,13.455,53.515,,0.10714285714285714,,13.483333333333334,0.16666666666666666,83.33333333333334,0.0,不明,前残り・先行優勢,3:35.9
中山,芝,3350,稍,2,224.45,13.4,,13.4,53.730000000000004,,0.13636363636363635,,13.416666666666666,0.25757575757575757,66.66666666666666,16.666666666666664,不明,前残り・先行優勢,3:44.4
中山,芝,3350,良,7,223.28571428571428,13.342857142857143,,13.328571428571427,54.01285714285715,,0.15939298796441653,,13.361904761904762,0.18346415489272633,90.47619047619048,0.0,不明,前残り・先行優勢,3:43.3
中山,芝,3350,重,1,228.3,13.6,,13.63,52.83,,0.07142857142857142,,13.666666666666666,0.2857142857142857,33.33333333333333,0.0,不明,中間/混合,3:48.3
中山,芝,3570,稍,1,243.6,13.6,,13.65,52.76,,0.09090909090909091,,13.666666666666666,0.1818181818181818,100.0,0.0,不明,前残り・先行優勢,4:03.6
中山,芝,3570,良,9,241.22222222222223,13.533333333333333,,13.513333333333334,53.284444444444446,,0.1641099641099641,,13.540740740740741,0.2076918451918452,85.18518518518519,0.0,不明,前残り・先行優勢,4:01.2
中山,芝,3600,稍,1,232.0,34.8,61.8,12.89,55.86,39.44,0.2,63.3,35.0,0.15555555555555556,100.0,0.0,スロー上がり,前残り・先行優勢,3:52.0
中山,芝,3600,良,9,226.10000000000002,35.15555555555555,57.099999999999994,12.55888888888889,57.32222222222222,38.18888888888889,0.2841117216117216,58.666666666666664,35.17037037037037,0.3456807081807082,59.25925925925925,18.51851851851852,スロー上がり,前残り・先行優勢,3:46.1
中山,芝,4100,稍,1,286.6,14.0,,13.98,51.5,,0.07142857142857142,,14.0,0.19047619047619047,66.66666666666666,0.0,不明,前残り・先行優勢,4:46.6
中山,芝,4100,良,9,281.4555555555555,13.733333333333333,,13.729999999999999,52.44888888888889,,0.11710480877147544,,13.755555555555555,0.2199908630464186,88.88888888888889,3.7037037037037033,不明,前残り・先行優勢,4:41.5
中山,芝,4250,不,1,302.9,14.3,,14.25,50.51,,0.09090909090909091,,14.333333333333334,0.1818181818181818,100.0,0.0,不明,前残り・先行優勢,5:02.9
中山,芝,4250,稍,1,292.3,13.8,,13.76,52.34,,0.2222222222222222,,13.800000000000002,0.2962962962962963,66.66666666666666,0.0,不明,前残り・先行優勢,4:52.3
中山,芝,4250,良,5,287.74,13.540000000000001,,13.540000000000001,53.176,,0.11689976689976689,,13.586666666666668,0.20703185703185703,86.66666666666667,0.0,不明,前残り・先行優勢,4:47.7
中山,芝,4250,重,1,294.1,13.8,,13.84,52.02,,0.1,,13.933333333333332,0.3333333333333333,66.66666666666666,0.0,不明,前残り・先行優勢,4:54.1
中山,芝,4260,良,2,289.75,13.6,,13.605,52.93,,0.09166666666666667,,13.666666666666666,0.19999999999999998,100.0,0.0,不明,前残り・先行優勢,4:49.8
京都,ダ,1200,不,15,70.14,35.46666666666667,45.24666666666667,11.69,61.59733333333334,34.67333333333333,0.2475152625152625,47.79333333333333,35.55777777777777,0.31994301994301994,62.22222222222222,11.11111111111111,ハイ/持続,前残り・先行優勢,1:10.1
京都,ダ,1200,稍,48,71.68124999999999,36.083333333333336,45.26458333333333,11.946875,60.274791666666665,35.59791666666667,0.35070684523809526,48.70208333333333,36.21793103448276,0.36459844752948206,55.172413793103445,20.689655172413794,ハイ/持続,前残り・先行優勢,1:11.7
京都,ダ,1200,良,146,71.6054794520548,36.06164383561644,45.5013698630137,11.933698630136986,60.33609589041096,35.54383561643835,0.3384831492708205,48.61027397260274,36.16719817767654,0.3695773000727443,55.35307517084283,20.956719817767656,ハイ/持続,前残り・先行優勢,1:11.6
京都,ダ,1200,重,25,70.956,36.028,44.644,11.825999999999999,60.8936,34.928000000000004,0.2717049617049617,46.992,36.09466666666667,0.3326098901098901,56.00000000000001,17.333333333333336,ハイ/持続,前残り・先行優勢,1:11.0
京都,ダ,1400,不,12,83.39166666666667,36.458333333333336,44.958333333333336,11.914166666666667,60.44083333333333,35.2025,0.2234241452991453,46.61666666666667,36.49444444444444,0.3211538461538461,63.888888888888886,25.0,ハイ/持続,前残り・先行優勢,1:23.4
京都,ダ,1400,稍,54,84.40363636363637,36.661818181818184,45.30545454545455,12.057272727272727,59.72181818181818,35.80890909090909,0.29675264129809586,47.71272727272727,36.83024691358025,0.34987522765300544,52.46913580246913,16.666666666666664,ハイ/持続,中間/混合,1:24.4
京都,ダ,1400,良,143,84.45874125874126,36.62937062937063,45.31958041958042,12.065384615384614,59.67909090909091,35.87447552447553,0.3295967920967921,47.98321678321678,36.75804195804196,0.36873324163533955,55.24475524475524,19.813519813519815,ハイ/持続,前残り・先行優勢,1:24.5
京都,ダ,1400,重,31,83.51935483870967,36.5516129032258,44.28709677419355,11.93032258064516,60.349999999999994,35.22870967741935,0.2934792358179455,46.42258064516129,36.67956989247312,0.37068049930953156,56.98924731182796,25.806451612903224,ハイ/持続,前残り・先行優勢,1:23.5
京都,ダ,1800,不,20,110.05999999999999,37.005,47.690000000000005,12.227500000000001,58.886,36.527499999999996,0.21261731324231326,48.769999999999996,37.04333333333333,0.32679732304732306,63.33333333333333,16.666666666666664,やや速い,前残り・先行優勢,1:50.1
京都,ダ,1800,稍,70,112.52714285714285,37.47,48.56285714285715,12.502857142857144,57.59157142857143,37.52857142857143,0.2611558481201338,50.214285714285715,37.597142857142856,0.33298597566454713,62.38095238095238,14.761904761904763,やや速い,前残り・先行優勢,1:52.5
京都,ダ,1800,良,220,112.4240909090909,37.17227272727273,49.40318181818182,12.491227272727274,57.64518181818182,37.6259090909091,0.283709188538734,51.277272727272724,37.3267776096823,0.34244158094385024,59.30408472012103,16.187594553706504,やや速い,前残り・先行優勢,1:52.4
京都,ダ,1800,重,47,110.99791666666665,36.69166666666667,49.729166666666664,12.333125,58.38916666666666,37.153124999999996,0.2694349342786843,51.31458333333333,36.92340425531915,0.30989776574882955,65.24822695035462,9.219858156028367,やや速い,前残り・先行優勢,1:51.0
京都,ダ,1900,不,5,116.28,36.64,49.72,12.242,58.827999999999996,36.757999999999996,0.11746753246753246,50.339999999999996,36.68,0.24291486291486292,86.66666666666667,6.666666666666667,やや速い,前残り・先行優勢,1:56.3
京都,ダ,1900,稍,23,118.68695652173913,37.19130434782608,49.31739130434782,12.493478260869566,57.636086956521744,37.61260869565218,0.2979728001467132,51.20869565217391,37.314492753623185,0.36373666591057896,57.971014492753625,20.28985507246377,やや速い,前残り・先行優勢,1:58.7
京都,ダ,1900,良,87,118.84545454545454,37.31931818181818,49.11136363636364,12.510227272727274,57.559886363636366,37.62738636363636,0.27788037404514676,50.871590909090905,37.47356321839081,0.35020220307576627,56.70498084291188,15.32567049808429,やや速い,前残り・先行優勢,1:58.8
京都,ダ,1900,重,8,118.275,37.075,50.0,12.4525,57.832499999999996,37.475,0.24326923076923077,51.1125,37.291666666666664,0.32546296296296295,66.66666666666666,8.333333333333332,標準〜やや上がり,前残り・先行優勢,1:58.3
京都,ダ,3170,良,5,215.24,13.580000000000002,,13.580000000000002,53.032,,0.1501948051948052,,13.626666666666667,0.24800865800865798,73.33333333333333,0.0,不明,前残り・先行優勢,3:35.2
京都,芝,1200,不,6,71.16666666666667,35.733333333333334,47.01666666666667,11.861666666666666,60.72,35.43333333333333,0.3634640822140822,49.25,35.77777777777778,0.34564509564509566,66.66666666666666,27.77777777777778,やや速い,前残り・先行優勢,1:11.2
京都,芝,1200,稍,13,68.9846153846154,34.246153846153845,48.223076923076924,11.497692307692308,62.628461538461536,34.73846153846154,0.30119641544980913,51.46153846153846,34.364102564102566,0.3757194791131443,51.28205128205128,17.94871794871795,やや速い,中間/混合,1:09.0
京都,芝,1200,良,104,68.38173076923077,33.82019230769231,49.26923076923077,11.396634615384615,63.184326923076924,34.56153846153846,0.31059236059943074,52.222115384615385,33.8482428115016,0.3687043231466272,53.03514376996805,18.210862619808307,やや速い,中間/混合,1:08.4
京都,芝,1200,重,7,69.08571428571429,34.81428571428571,46.800000000000004,11.514285714285714,62.542857142857144,34.27142857142857,0.18498763141620284,48.51428571428572,34.809090909090905,0.2835046897546898,59.09090909090909,4.545454545454546,やや速い,前残り・先行優勢,1:09.1
京都,芝,1400,不,5,83.75999999999999,35.5,49.92,11.966,60.198,36.196,0.42794094794094795,52.0,35.74666666666667,0.3738513338513339,53.333333333333336,26.666666666666668,やや速い,中間/混合,1:23.8
京都,芝,1400,稍,23,82.48260869565217,34.47391304347826,51.439130434782605,11.783043478260868,61.10826086956522,36.01,0.37770170650605434,54.5,34.66521739130435,0.39267180082397474,44.927536231884055,21.73913043478261,標準〜やや上がり,中間/混合,1:22.5
京都,芝,1400,良,129,81.2937984496124,34.02790697674419,51.490697674418605,11.612945736434108,62.00674418604651,35.45178294573643,0.3745715967672192,54.213178294573645,34.12061855670103,0.40422702108382824,49.22680412371135,25.0,標準〜やや上がり,中間/混合,1:21.3
京都,芝,1400,重,15,82.76,34.78,51.66,11.823333333333332,60.90933333333333,35.986666666666665,0.26896464646464646,53.5,34.75111111111111,0.3902005347593583,46.666666666666664,17.77777777777778,標準〜やや上がり,中間/混合,1:22.8
京都,芝,1600,不,2,98.44999999999999,36.45,49.7,12.309999999999999,58.510000000000005,37.2,0.5833333333333333,52.150000000000006,36.800000000000004,0.35185185185185186,66.66666666666666,16.666666666666664,やや速い,前残り・先行優勢,1:38.4
京都,芝,1600,稍,31,94.93225806451613,34.70322580645161,51.50322580645161,11.868064516129033,60.682903225806456,36.13741935483871,0.4131175144695069,54.21612903225807,34.895698924731185,0.4055748208499632,47.31182795698925,22.58064516129032,標準〜やや上がり,中間/混合,1:34.9
京都,芝,1600,良,180,93.99333333333333,34.185,52.60888888888889,11.75038888888889,61.291722222222226,35.885,0.3760686150269484,55.03611111111111,34.26728280961183,0.413381555652133,49.35304990757856,25.32347504621072,標準〜やや上がり,中間/混合,1:34.0
京都,芝,1600,重,7,96.61428571428571,35.57142857142857,50.385714285714286,12.075714285714286,59.64,36.62571428571429,0.5202844774273345,53.05714285714286,35.733333333333334,0.4823721913007627,33.33333333333333,33.33333333333333,標準〜やや上がり,中間/混合,1:36.6
京都,芝,1800,不,6,110.55,35.949999999999996,52.4,12.284999999999998,58.63166666666667,37.300000000000004,0.4133352758352758,53.949999999999996,36.150000000000006,0.43177285677285676,38.88888888888889,33.33333333333333,標準〜やや上がり,中間/混合,1:50.5
京都,芝,1800,稍,17,107.9470588235294,34.8235294117647,53.188235294117646,11.994117647058824,60.044117647058826,36.561764705882354,0.37231107032145094,55.04705882352941,34.925490196078435,0.4630046968282262,43.13725490196079,31.372549019607842,標準〜やや上がり,中間/混合,1:47.9
京都,芝,1800,良,131,106.94045801526718,34.15419847328244,54.1793893129771,11.881832061068701,60.604503816793894,36.39312977099237,0.41014340459221466,56.62213740458015,34.28778625954199,0.43526132414210544,42.74809160305343,26.717557251908396,スロー上がり,中間/混合,1:46.9
京都,芝,1800,重,9,109.44444444444444,35.25555555555556,53.52222222222222,12.16,59.21555555555556,37.09444444444445,0.521384479717813,55.25555555555556,35.50370370370371,0.5033068783068783,37.03703703703704,37.03703703703704,標準〜やや上がり,差し届く,1:49.4
京都,芝,2000,不,2,122.19999999999999,35.650000000000006,52.650000000000006,12.219999999999999,58.925,37.095,0.3611111111111111,54.05,35.766666666666666,0.37222222222222223,66.66666666666666,16.666666666666664,標準〜やや上がり,前残り・先行優勢,2:02.2
京都,芝,2000,稍,23,121.2304347826087,35.13913043478261,53.78695652173913,12.123043478260868,59.40086956521739,36.89478260869566,0.2443864106907585,55.1,35.153623188405795,0.40531008846226235,50.72463768115942,26.08695652173913,標準〜やや上がり,中間/混合,2:01.2
京都,芝,2000,良,134,120.31268656716418,34.68432835820895,54.224626865671645,12.031268656716419,59.8510447761194,36.69783582089553,0.33833938656699847,55.88731343283582,34.74776119402985,0.4191877836906371,45.52238805970149,24.875621890547265,スロー上がり,中間/混合,2:00.3
京都,芝,2000,重,13,122.23846153846154,35.23846153846154,54.20769230769231,12.223846153846154,58.91307692307692,37.286153846153844,0.4104506604506604,55.861538461538466,35.36666666666667,0.4625809375809376,43.58974358974359,35.8974358974359,スロー上がり,差し届く,2:02.2
京都,芝,2200,不,2,138.8,37.099999999999994,52.05,12.615,57.105000000000004,38.14,0.18888888888888888,52.8,37.46666666666667,0.3444444444444444,50.0,16.666666666666664,標準〜やや上がり,中間/混合,2:18.8
京都,芝,2200,稍,9,135.10000000000002,34.599999999999994,57.611111111111114,12.283333333333333,58.62555555555556,37.68888888888889,0.3006012506012506,58.98888888888889,34.7037037037037,0.39925444925444925,40.74074074074074,18.51851851851852,スロー上がり,中間/混合,2:15.1
京都,芝,2200,良,72,133.48194444444445,34.390277777777776,56.03194444444445,12.134305555555555,59.34180555555555,37.160694444444445,0.39182632227975367,58.125,34.5212962962963,0.4025281990764017,48.61111111111111,21.75925925925926,スロー上がり,中間/混合,2:13.5
京都,芝,2200,重,7,135.77142857142857,35.81428571428571,52.357142857142854,12.34142857142857,58.347142857142856,37.48714285714285,0.4353264382676147,54.699999999999996,36.00952380952381,0.4401092371680607,42.857142857142854,23.809523809523807,標準〜やや上がり,中間/混合,2:15.8
京都,芝,2400,不,2,152.85000000000002,37.15,53.45,12.74,56.565,38.57,0.21666666666666667,53.8,37.18333333333333,0.5,50.0,33.33333333333333,標準〜やや上がり,中間/混合,2:32.9
京都,芝,2400,稍,18,147.45,35.18333333333333,54.861111111111114,12.288333333333334,58.60666666666667,37.422222222222224,0.3591970121381886,56.41111111111111,35.34444444444444,0.43266936404191303,40.74074074074074,24.074074074074073,スロー上がり,中間/混合,2:27.4
京都,芝,2400,良,71,146.04507042253522,34.623943661971836,54.930985915492954,12.170985915492958,59.17084507042254,37.140422535211265,0.39872943267723715,57.316901408450704,34.796244131455396,0.4219625502454831,44.60093896713615,21.12676056338028,スロー上がり,中間/混合,2:26.0
京都,芝,2400,重,7,149.84285714285716,36.25714285714286,54.042857142857144,12.487142857142857,57.67857142857143,37.86142857142857,0.21995464852607707,54.471428571428575,36.39523809523809,0.3495842781557067,57.14285714285714,14.285714285714285,スロー上がり,前残り・先行優勢,2:29.8
京都,芝,3000,不,1,198.9,39.6,49.3,13.26,54.3,39.83,0.3888888888888889,50.6,39.96666666666667,0.2222222222222222,66.66666666666666,0.0,やや速い,前残り・先行優勢,3:18.9
京都,芝,3000,稍,1,184.0,35.0,55.3,12.27,58.7,37.25,0.2222222222222222,56.4,35.300000000000004,0.24074074074074073,66.66666666666666,0.0,スロー上がり,前残り・先行優勢,3:04.0
京都,芝,3000,良,15,185.92666666666668,35.11333333333334,56.166666666666664,12.395999999999999,58.092,37.705333333333336,0.28782135076252724,57.473333333333336,35.24,0.38320289369308974,60.0,15.555555555555555,スロー上がり,前残り・先行優勢,3:05.9
京都,芝,3170,稍,2,216.39999999999998,13.65,,13.655000000000001,52.739999999999995,,0.38257575757575757,,13.666666666666666,0.2297979797979798,83.33333333333334,0.0,不明,前残り・先行優勢,3:36.4
京都,芝,3170,良,5,214.2,13.52,,13.514000000000001,53.282000000000004,,0.1395115995115995,,13.546666666666665,0.3418070818070818,66.66666666666666,13.333333333333334,不明,前残り・先行優勢,3:34.2
京都,芝,3200,稍,1,196.1,34.9,55.1,12.26,58.75,37.2,0.23529411764705882,56.6,35.199999999999996,0.29411764705882354,66.66666666666666,0.0,スロー上がり,前残り・先行優勢,3:16.1
京都,芝,3200,良,7,194.58571428571426,34.971428571428575,53.542857142857144,12.162857142857144,59.205714285714286,36.83428571428571,0.2753214106155283,55.357142857142854,35.076190476190476,0.3167923579688286,66.66666666666666,19.047619047619047,標準〜やや上がり,前残り・先行優勢,3:14.6
京都,芝,3930,不,1,276.0,14.0,,14.05,51.26,,0.2,,14.066666666666668,0.23333333333333336,66.66666666666666,0.0,不明,前残り・先行優勢,4:36.0
京都,芝,3930,良,7,271.9857142857143,13.842857142857143,,13.84,52.021428571428565,,0.18355810855810856,,13.871428571428572,0.2489260739260739,80.95238095238095,0.0,不明,前残り・先行優勢,4:32.0
京都,芝,3930,重,1,283.9,14.4,,14.45,49.83,,0.2,,14.466666666666667,0.19999999999999998,100.0,0.0,不明,前残り・先行優勢,4:43.9
函館,ダ,1000,不,4,58.275000000000006,35.525,46.075,11.655,61.78,34.125,0.10416666666666666,46.075,35.425000000000004,0.2777777777777778,75.0,8.333333333333332,やや速い,前残り・先行優勢,58.3
函館,ダ,1000,稍,16,58.79375,35.5625,46.1,11.75875,61.233125,34.846875,0.2550189393939394,47.99375,35.62291666666667,0.3402146464646465,60.416666666666664,16.666666666666664,やや速い,前残り・先行優勢,58.8
函館,ダ,1000,良,47,58.71063829787234,35.638297872340424,45.9595744680851,11.742127659574468,61.32063829787234,34.60851063829787,0.18506877283473028,47.13617021276596,35.762411347517734,0.28109463428612363,75.177304964539,9.219858156028367,ハイ/持続,前残り・先行優勢,58.7
函館,ダ,1000,重,9,58.333333333333336,35.21111111111111,47.099999999999994,11.666666666666666,61.71666666666667,34.68333333333333,0.19739057239057237,48.544444444444444,35.303703703703704,0.260662177328844,81.48148148148148,7.4074074074074066,やや速い,前残り・先行優勢,58.3
函館,ダ,1700,不,11,103.75454545454545,36.53636363636363,48.8,12.205454545454545,58.99,36.66272727272727,0.2575873621328167,50.372727272727275,36.806060606060605,0.2788319424683061,60.60606060606061,6.0606060606060606,やや速い,前残り・先行優勢,1:43.8
函館,ダ,1700,稍,43,105.04651162790698,37.78139534883721,46.0,12.358837209302324,58.26441860465116,36.690232558139535,0.20797768123349517,47.15348837209302,37.91627906976744,0.26475527056922404,75.96899224806202,6.976744186046512,ハイ/持続,前残り・先行優勢,1:45.0
函館,ダ,1700,良,111,105.46486486486486,37.64684684684685,46.95765765765766,12.407297297297298,58.03369369369369,36.99171171171171,0.23885911385911385,48.31351351351351,37.85375375375375,0.2765067515067515,69.06906906906907,8.108108108108109,やや速い,前残り・先行優勢,1:45.5
函館,ダ,1700,重,29,104.18620689655172,37.11379310344827,47.54827586206897,12.256896551724138,58.746206896551726,36.584482758620695,0.20101565101565103,48.62068965517241,37.248275862068965,0.2786676286676287,70.11494252873564,9.195402298850574,やや速い,前残り・先行優勢,1:44.2
函館,ダ,2400,稍,1,153.7,38.6,48.0,12.81,56.21,38.37,0.375,49.4,38.733333333333334,0.3333333333333333,33.33333333333333,0.0,やや速い,中間/混合,2:33.7
函館,ダ,2400,良,7,154.64285714285714,38.58571428571429,50.128571428571426,12.887142857142859,55.87428571428571,38.68428571428571,0.13697691197691197,50.32857142857143,38.7952380952381,0.25824915824915823,80.95238095238095,9.523809523809524,標準〜やや上がり,前残り・先行優勢,2:34.6
函館,ダ,2400,重,2,153.0,38.400000000000006,49.2,12.75,56.475,38.2,0.1845238095238095,49.55,38.63333333333333,0.3511904761904761,50.0,16.666666666666664,やや速い,中間/混合,2:33.0
函館,芝,1200,稍,40,69.72999999999999,34.8675,47.205,11.622,61.96,34.8625,0.3333603896103896,50.025,34.9375,0.38131314287564283,51.66666666666667,17.5,やや速い,中間/混合,1:09.7
函館,芝,1200,良,163,68.81878787878789,34.62787878787879,46.56909090909091,11.469818181818182,62.780181818181816,34.19090909090909,0.2825972680518135,48.77030303030303,34.62249488752556,0.35745617992550505,56.23721881390593,17.791411042944784,やや速い,前残り・先行優勢,1:08.8
函館,芝,1200,重,8,70.8625,35.825,46.35,11.81125,60.985,35.0375,0.2311350108225108,47.8375,35.795833333333334,0.35974927849927846,50.0,16.666666666666664,やや速い,中間/混合,1:10.9
函館,芝,1800,稍,21,109.11428571428571,35.61904761904762,51.53333333333334,12.124761904761906,59.395714285714284,36.74761904761905,0.29219834398405825,53.2047619047619,35.70952380952381,0.3701845553036029,50.79365079365079,15.873015873015872,標準〜やや上がり,中間/混合,1:49.1
函館,芝,1800,良,75,107.83733333333333,35.05866666666667,52.384,11.9816,60.096666666666664,36.38933333333333,0.23297084397084394,53.82933333333333,35.102222222222224,0.3080438758772092,65.77777777777779,12.88888888888889,標準〜やや上がり,前残り・先行優勢,1:47.8
函館,芝,1800,重,4,110.625,35.85,51.8,12.2925,58.5975,37.3875,0.4356893106893107,54.325,36.125,0.46840659340659335,25.0,33.33333333333333,標準〜やや上がり,中間/混合,1:50.6
函館,芝,2000,稍,17,121.86470588235294,35.870588235294115,51.358823529411765,12.186470588235295,59.08764705882353,36.85470588235294,0.3197201491319138,52.794117647058826,36.03921568627451,0.35352844323432564,54.90196078431373,13.725490196078432,標準〜やや上がり,中間/混合,2:01.9
函館,芝,2000,良,64,120.6390625,35.353125,51.8125,12.06390625,59.6871875,36.55125,0.3009218862734488,53.459375,35.4259067357513,0.3425362777694384,58.549222797927456,14.507772020725387,標準〜やや上がり,前残り・先行優勢,2:00.6
函館,芝,2000,重,4,122.175,35.9,50.675,12.2175,58.935,36.975,0.3989583333333333,53.1,36.06666666666667,0.3920138888888889,50.0,25.0,標準〜やや上がり,中間/混合,2:02.2
函館,芝,2600,稍,10,163.28,36.35,52.92999999999999,12.56,57.33200000000001,38.079,0.2948118548118548,54.77,36.54,0.3423709623709624,60.0,16.666666666666664,標準〜やや上がり,前残り・先行優勢,2:43.3
函館,芝,2600,良,31,161.28709677419354,35.79677419354839,53.88709677419355,12.405806451612902,58.03774193548387,37.64709677419355,0.26377305490208713,55.25483870967742,35.821505376344085,0.34153404838888707,60.215053763440864,13.978494623655912,標準〜やや上がり,前残り・先行優勢,2:41.3
函館,芝,2600,重,3,164.46666666666667,36.63333333333333,52.96666666666667,12.653333333333334,56.919999999999995,38.35,0.3156565656565657,54.76666666666667,36.955555555555556,0.3703703703703704,44.44444444444444,11.11111111111111,標準〜やや上がり,中間/混合,2:44.5
小倉,ダ,1000,不,6,57.81666666666667,35.050000000000004,46.166666666666664,11.563333333333333,62.26666666666667,34.15,0.15079365079365079,47.449999999999996,35.17777777777778,0.25044091710758376,83.33333333333334,11.11111111111111,やや速い,前残り・先行優勢,57.8
小倉,ダ,1000,稍,18,58.1888888888889,35.43888888888889,45.18888888888889,11.637777777777778,61.87222222222223,34.125,0.18144818144818145,46.31666666666667,35.507407407407406,0.25482233815567146,74.07407407407408,7.4074074074074066,ハイ/持続,前残り・先行優勢,58.2
小倉,ダ,1000,良,54,58.28703703703704,35.540740740740745,44.65555555555556,11.657407407407407,61.76907407407408,34.11944444444445,0.1802506135839469,46.016666666666666,35.59815950920245,0.26589295162914794,71.16564417177914,9.202453987730062,ハイ/持続,前残り・先行優勢,58.3
小倉,ダ,1000,重,10,57.67,35.089999999999996,45.5,11.534,62.434000000000005,33.87,0.14535464535464535,46.53,35.21,0.23183483183483183,76.66666666666667,3.3333333333333335,ハイ/持続,前残り・先行優勢,57.7
小倉,ダ,1700,不,26,103.69999999999999,36.957692307692305,47.51153846153846,12.2,59.01923076923077,36.405,0.22165558800174184,48.55,37.050000000000004,0.25331344225575,73.07692307692307,7.6923076923076925,やや速い,前残り・先行優勢,1:43.7
小倉,ダ,1700,稍,81,105.12469135802469,37.546913580246915,46.80864197530864,12.36753086419753,58.22111111111111,36.861111111111114,0.2341066683659276,48.20617283950617,37.71069958847737,0.2604959854959855,74.8971193415638,6.584362139917696,やや速い,前残り・先行優勢,1:45.1
小倉,ダ,1700,良,197,105.63654822335026,37.77208121827412,46.66802030456853,12.428121827411168,57.93964467005076,37.01680203045685,0.22789241215637154,48.04822335025381,37.93011844331642,0.27358210270646816,69.88155668358715,8.29103214890017,やや速い,前残り・先行優勢,1:45.6
小倉,ダ,1700,重,66,103.92424242424242,37.11212121212122,47.00606060606061,12.22590909090909,58.89636363636363,36.44287878787879,0.21343757252848164,48.25151515151515,37.255050505050505,0.272743018765746,68.68686868686868,6.565656565656567,やや速い,前残り・先行優勢,1:43.9
小倉,ダ,2400,不,1,152.2,37.3,50.5,12.68,56.77,38.3,0.7,52.7,37.6,0.39999999999999997,66.66666666666666,33.33333333333333,標準〜やや上がり,前残り・先行優勢,2:32.2
小倉,ダ,2400,稍,5,153.42,37.980000000000004,50.46,12.786,56.318000000000005,38.482,0.21834498834498833,51.379999999999995,38.2,0.2949222999222999,66.66666666666666,6.666666666666667,標準〜やや上がり,前残り・先行優勢,2:33.4
小倉,ダ,2400,良,6,154.61666666666667,38.11666666666667,50.73333333333333,12.886666666666665,55.88333333333333,38.833333333333336,0.23818126318126318,51.93333333333334,38.638888888888886,0.25411347911347915,77.77777777777779,0.0,標準〜やや上がり,前残り・先行優勢,2:34.6
小倉,ダ,2400,重,1,151.1,36.4,52.8,12.59,57.18,38.23,0.4,55.0,36.93333333333333,0.26666666666666666,66.66666666666666,0.0,標準〜やや上がり,前残り・先行優勢,2:31.1
小倉,芝,1200,不,3,70.0,35.9,44.1,11.666666666666666,61.72,34.1,0.15925925925925924,44.96666666666667,35.855555555555554,0.3098765432098765,66.66666666666666,11.11111111111111,ハイ/持続,前残り・先行優勢,1:10.0
小倉,芝,1200,稍,74,69.15,34.93108108108108,45.387837837837836,11.525135135135136,62.48229729729729,34.21891891891892,0.2918439326527562,47.99054054054054,35.01756756756757,0.32699085235849945,62.612612612612615,14.864864864864865,ハイ/持続,前残り・先行優勢,1:09.2
小倉,芝,1200,良,268,68.20708955223881,34.42164179104478,45.84440298507462,11.367649253731344,63.34361940298508,33.78544776119403,0.29477078562350734,48.19067164179105,34.4895652173913,0.3454290332733884,59.25465838509317,19.25465838509317,ハイ/持続,前残り・先行優勢,1:08.2
小倉,芝,1200,重,36,69.86666666666666,35.419444444444444,44.13333333333333,11.64472222222222,61.8425,34.44722222222222,0.34483646573107357,47.30833333333333,35.50833333333333,0.36380240508099987,57.407407407407405,19.444444444444446,ハイ/持続,前残り・先行優勢,1:09.9
小倉,芝,1700,良,4,100.875,34.925,51.225,11.8675,60.6725,35.9725,0.29523809523809524,53.025,35.06666666666667,0.37103174603174605,58.333333333333336,8.333333333333332,標準〜やや上がり,前残り・先行優勢,1:40.9
小倉,芝,1800,不,2,111.0,37.25,48.7,12.335,58.385000000000005,36.875,0.12142857142857143,49.1,37.13333333333333,0.35714285714285715,50.0,33.33333333333333,やや速い,中間/混合,1:51.0
小倉,芝,1800,稍,28,109.12142857142858,35.892857142857146,50.31785714285714,12.124642857142858,59.38857142857143,36.614285714285714,0.232644092019092,52.103571428571435,35.81785714285714,0.3387521043771044,63.095238095238095,14.285714285714285,標準〜やや上がり,前残り・先行優勢,1:49.1
小倉,芝,1800,良,159,107.32264150943396,35.059119496855345,50.96037735849057,11.924528301886792,60.3851572327044,36.13176100628931,0.301953793934926,53.12893081761006,35.17463312368972,0.3308656257555629,58.909853249475894,12.578616352201259,標準〜やや上がり,前残り・先行優勢,1:47.3
小倉,芝,1800,重,20,109.74000000000001,35.83,51.29,12.193000000000001,59.056,36.955,0.30746142746142746,53.185,36.03,0.3178574897324898,60.0,15.0,標準〜やや上がり,前残り・先行優勢,1:49.7
小倉,芝,2000,不,2,124.76666666666665,37.46666666666667,49.23333333333333,12.476666666666667,57.70666666666667,37.413333333333334,0.4277777777777778,49.833333333333336,37.449999999999996,0.4055555555555556,33.33333333333333,16.666666666666664,やや速い,中間/混合,2:04.8
小倉,芝,2000,稍,43,121.79767441860466,35.93488372093023,50.82325581395349,12.179767441860465,59.12069767441861,36.79813953488372,0.2843089612925454,52.45348837209303,36.049612403100774,0.3415870438271259,60.46511627906976,16.27906976744186,標準〜やや上がり,前残り・先行優勢,2:01.8
小倉,芝,2000,良,155,119.93461538461538,35.297435897435896,50.669230769230765,11.993461538461538,60.03935897435897,36.27275641025641,0.3218456082002462,52.81474358974359,35.45612903225806,0.3523143047478911,57.634408602150536,16.129032258064516,標準〜やや上がり,前残り・先行優勢,1:59.9
小倉,芝,2000,重,20,123.455,36.855000000000004,49.38,12.3455,58.329499999999996,37.1145,0.22181505994005996,50.79,36.89,0.32271964146964144,61.66666666666667,11.666666666666666,やや速い,前残り・先行優勢,2:03.5
小倉,芝,2600,稍,18,162.6277777777778,36.544444444444444,52.78888888888889,12.508888888888889,57.55722222222222,37.825,0.22444415152748487,53.577777777777776,36.66481481481482,0.324270508298286,61.111111111111114,14.814814814814813,標準〜やや上がり,前残り・先行優勢,2:42.6
小倉,芝,2600,良,53,159.96226415094338,35.53584905660377,53.54528301886793,12.304905660377358,58.520566037735854,37.32792452830189,0.2558250973345313,55.10188679245283,35.77169811320755,0.30471879622823017,66.0377358490566,11.320754716981133,標準〜やや上がり,前残り・先行優勢,2:40.0
小倉,芝,2600,重,7,163.05714285714288,37.057142857142864,50.528571428571425,12.542857142857143,57.40571428571429,37.800000000000004,0.2702535559678417,52.08571428571429,37.2952380952381,0.29602143887858173,71.42857142857143,14.285714285714285,標準〜やや上がり,前残り・先行優勢,2:43.1
小倉,芝,3390,稍,3,229.6,13.566666666666668,,13.546666666666667,53.160000000000004,,0.08744588744588744,,13.566666666666666,0.21197691197691199,66.66666666666666,0.0,不明,前残り・先行優勢,3:49.6
小倉,芝,3390,良,13,224.57692307692307,13.261538461538462,,13.25076923076923,54.346923076923076,,0.16857181280258202,,13.279487179487178,0.20694796656335115,87.17948717948718,0.0,不明,前残り・先行優勢,3:44.6
小倉,芝,3390,重,1,231.4,13.7,,13.65,52.74,,0.2,,13.699999999999998,0.19999999999999998,100.0,0.0,不明,前残り・先行優勢,3:51.4
新潟,ダ,1200,不,14,70.68571428571428,36.385714285714286,42.221428571428575,11.78,61.120000000000005,34.3,0.25544217687074827,44.32142857142857,36.61190476190476,0.2469181612038755,73.80952380952381,7.142857142857142,ハイ/持続,前残り・先行優勢,1:10.7
新潟,ダ,1200,稍,64,71.4078125,36.821875,42.1578125,11.90203125,60.50390625,34.5859375,0.24055215617715617,43.971875,36.92331606217616,0.304918225125479,65.80310880829016,11.398963730569948,ハイ/持続,前残り・先行優勢,1:11.4
新潟,ダ,1200,良,198,71.54221105527638,36.80954773869347,42.10201005025125,11.923768844221105,60.38969849246231,34.732663316582915,0.27847500071118164,44.39748743718593,36.89697986577181,0.33940016918204835,62.91946308724832,15.268456375838927,ハイ/持続,前残り・先行優勢,1:11.5
新潟,ダ,1200,重,34,70.80882352941177,36.432352941176475,42.51176470588236,11.801470588235293,61.015882352941176,34.37647058823529,0.2389662624956743,44.411764705882355,36.50679611650485,0.3087766602329709,71.84466019417476,10.679611650485436,ハイ/持続,前残り・先行優勢,1:10.8
新潟,ダ,1800,不,17,111.28235294117647,37.2764705882353,47.629411764705885,12.36470588235294,58.23941176470588,37.002941176470586,0.2654508889803008,49.311764705882354,37.5078431372549,0.28868245044715635,68.62745098039215,3.9215686274509802,やや速い,前残り・先行優勢,1:51.3
新潟,ダ,1800,稍,74,113.10405405405406,37.994594594594595,47.68783783783784,12.567702702702702,57.299594594594595,37.55472972972973,0.2516245016245016,48.92702702702702,38.19596412556054,0.31284333504064443,65.91928251121077,11.659192825112108,やや速い,前残り・先行優勢,1:53.1
新潟,ダ,1800,良,213,112.87793427230046,37.79906103286385,47.872769953051645,12.542206572769953,57.41136150234742,37.53943661971831,0.251019650667538,49.35633802816901,37.9829420970266,0.29489600557675677,69.17057902973396,8.137715179968701,やや速い,前残り・先行優勢,1:52.9
新潟,ダ,1800,重,35,112.15714285714286,37.64,47.56857142857143,12.462,57.784,37.25857142857143,0.2664958850673136,49.059999999999995,37.91142857142857,0.28822621822621824,74.28571428571429,8.571428571428571,やや速い,前残り・先行優勢,1:52.2
新潟,ダ,2500,不,1,161.9,39.5,47.2,12.95,55.59,38.65,0.16666666666666666,47.9,39.233333333333334,0.5,33.33333333333333,33.33333333333333,やや速い,中間/混合,2:41.9
新潟,ダ,2500,良,1,159.8,38.6,47.5,12.78,56.32,38.27,0.25,49.2,38.76666666666667,0.5277777777777778,33.33333333333333,66.66666666666666,やや速い,差し届く,2:39.8
新潟,ダ,2500,重,3,160.53333333333333,38.1,50.96666666666667,12.839999999999998,56.06666666666666,38.660000000000004,0.2074074074074074,51.53333333333333,38.355555555555554,0.2839506172839506,77.77777777777779,11.11111111111111,標準〜やや上がり,前残り・先行優勢,2:40.5
新潟,芝,1000,不,3,56.93333333333334,34.26666666666667,47.53333333333334,11.386666666666668,63.23333333333333,34.0,0.16898148148148148,49.23333333333333,34.17777777777778,0.28858024691358025,66.66666666666666,22.22222222222222,やや速い,前残り・先行優勢,56.9
新潟,芝,1000,稍,27,55.903703703703705,33.22592592592593,49.7962962962963,11.18074074074074,64.40592592592593,34.016666666666666,0.33064330670539815,52.4,33.39506172839506,0.35489684002755895,56.79012345679012,25.925925925925924,やや速い,前残り・先行優勢,55.9
新潟,芝,1000,良,140,55.0886524822695,32.673049645390066,50.50851063829787,11.0177304964539,65.35716312056738,33.623404255319144,0.2808867093598007,52.93049645390071,32.78261904761905,0.30921003191486385,64.04761904761904,16.19047619047619,標準〜やや上がり,前残り・先行優勢,55.1
新潟,芝,1000,重,15,56.34666666666667,33.559999999999995,48.666666666666664,11.269333333333332,63.895999999999994,34.18,0.3277916038210156,51.86,33.8,0.35086908552594825,55.55555555555556,15.555555555555555,やや速い,前残り・先行優勢,56.3
新潟,芝,1200,稍,11,69.96363636363637,35.21818181818182,45.00909090909091,11.661818181818182,61.75363636363636,34.74545454545454,0.38645382395382394,48.68181818181818,35.24848484848485,0.4629930254930255,42.42424242424242,36.36363636363637,ハイ/持続,差し届く,1:10.0
新潟,芝,1200,良,71,69.18055555555556,34.52916666666667,47.858333333333334,11.530277777777776,62.44972222222222,34.65138888888889,0.27699995062127414,50.394444444444446,34.55962441314554,0.3493577604389535,54.460093896713616,17.370892018779344,やや速い,中間/混合,1:09.2
新潟,芝,1200,重,9,70.33333333333333,35.5,45.22222222222222,11.723333333333334,61.42666666666667,34.833333333333336,0.34773965141612195,48.2,35.459259259259255,0.43692205277172597,44.44444444444444,25.925925925925924,ハイ/持続,中間/混合,1:10.3
新潟,芝,1400,不,3,83.36666666666667,36.9,43.73333333333333,11.906666666666666,60.48333333333333,34.85333333333333,0.12037037037037039,44.46666666666667,36.87777777777777,0.1844135802469136,88.88888888888889,0.0,ハイ/持続,前残り・先行優勢,1:23.4
新潟,芝,1400,稍,14,81.90714285714286,35.278571428571425,47.23571428571428,11.700714285714286,61.54857142857143,34.97428571428571,0.2530168477647469,49.15,35.20232558139535,0.3344190389334028,60.46511627906976,13.953488372093023,やや速い,前残り・先行優勢,1:21.9
新潟,芝,1400,良,94,81.24374999999999,34.64895833333333,48.088541666666664,11.606250000000001,62.04229166666667,34.94895833333333,0.34143349841879256,50.91041666666666,34.73533568904594,0.3713820712417678,53.003533568904594,19.78798586572438,やや速い,中間/混合,1:21.2
新潟,芝,1400,重,5,82.97999999999999,35.88,45.239999999999995,11.854,60.74400000000001,35.326,0.4633838383838384,48.46,35.89333333333333,0.5071969696969697,13.333333333333334,40.0,ハイ/持続,差し届く,1:23.0
新潟,芝,1600,稍,18,95.23333333333333,34.105555555555554,55.27222222222222,11.904444444444444,60.48833333333333,36.67666666666666,0.42908781033781035,57.650000000000006,34.105555555555554,0.44869423272201053,37.03703703703704,31.48148148148148,スロー上がり,中間/混合,1:35.2
新潟,芝,1600,良,96,93.77835051546391,33.54536082474227,54.97525773195877,11.723402061855671,61.43103092783505,36.13979381443299,0.3683570665908446,57.81134020618556,33.611805555555556,0.4135098527561763,48.26388888888889,26.041666666666668,スロー上がり,中間/混合,1:33.8
新潟,芝,1600,重,7,95.98571428571428,34.957142857142856,50.94285714285714,12.0,60.01571428571429,36.61714285714286,0.47981086373943516,54.785714285714285,35.10952380952381,0.44947777090634233,38.095238095238095,23.809523809523807,標準〜やや上がり,中間/混合,1:36.0
新潟,芝,1800,不,1,110.9,35.7,55.3,12.32,58.43,37.6,0.07692307692307693,55.3,35.6,0.25641025641025644,66.66666666666666,0.0,スロー上がり,前残り・先行優勢,1:50.9
新潟,芝,1800,稍,28,108.05357142857143,34.68928571428571,53.46071428571429,12.005714285714287,59.97607142857142,36.68214285714286,0.3506036592958862,55.857142857142854,34.68333333333334,0.43654159216134003,41.66666666666667,26.190476190476193,標準〜やや上がり,中間/混合,1:48.1
新潟,芝,1800,良,119,106.94201680672269,33.79747899159664,55.84957983193278,11.882352941176471,60.60126050420168,36.57226890756303,0.42770855565591104,58.29327731092437,33.92122905027933,0.4296253042699806,43.575418994413404,28.212290502793298,スロー上がり,中間/混合,1:46.9
新潟,芝,1800,重,10,108.94000000000001,35.29,52.54,12.106,59.491,36.825,0.39378490790255494,54.4,35.516666666666666,0.43270647653000593,46.666666666666664,30.0,標準〜やや上がり,中間/混合,1:48.9
新潟,芝,2000,不,4,123.225,36.925,49.2,12.3225,58.4325,36.985,0.2745535714285714,50.35,37.175,0.3849206349206349,58.333333333333336,33.33333333333333,やや速い,前残り・先行優勢,2:03.2
新潟,芝,2000,稍,20,121.14000000000001,34.905,53.77,12.114,59.44349999999999,36.957499999999996,0.3911426767676768,55.95,34.986666666666665,0.4747728891478892,38.333333333333336,36.666666666666664,標準〜やや上がり,差し届く,2:01.1
新潟,芝,2000,良,113,119.74778761061947,33.94690265486726,55.80796460176991,11.974778761061948,60.133362831858406,36.77150442477876,0.48046174500495165,58.41150442477876,34.133529411764705,0.4572195012311794,40.588235294117645,31.76470588235294,スロー上がり,中間/混合,1:59.7
新潟,芝,2000,重,7,122.14285714285714,35.07142857142857,53.957142857142856,12.214285714285714,58.95428571428572,37.31714285714286,0.5890847247990105,56.57142857142857,35.333333333333336,0.41842403628117913,47.61904761904761,19.047619047619047,標準〜やや上がり,中間/混合,2:02.1
新潟,芝,2200,不,1,138.0,35.8,55.9,12.55,57.39,38.33,0.23076923076923078,57.1,35.96666666666666,0.23076923076923075,66.66666666666666,0.0,スロー上がり,前残り・先行優勢,2:18.0
新潟,芝,2200,稍,13,135.5,35.42307692307692,53.80769230769231,12.31846153846154,58.45692307692308,37.52923076923077,0.4715540869387023,56.02307692307692,35.630769230769225,0.4445255599101752,38.46153846153847,25.64102564102564,標準〜やや上がり,中間/混合,2:15.5
新潟,芝,2200,良,54,133.51454545454547,35.08909090909091,53.00363636363636,12.137818181818183,59.32563636363636,36.910545454545456,0.3484472330996395,55.25272727272728,35.23827160493828,0.3461844119932355,58.64197530864198,13.580246913580247,標準〜やや上がり,前残り・先行優勢,2:13.5
新潟,芝,2200,重,3,136.33333333333334,35.6,55.300000000000004,12.396666666666667,58.096666666666664,37.776666666666664,0.19601139601139603,56.13333333333333,36.0,0.3553656220322887,44.44444444444444,11.11111111111111,スロー上がり,中間/混合,2:16.3
新潟,芝,2400,不,1,154.8,39.8,46.3,12.9,55.81,38.33,0.1,46.3,39.800000000000004,0.3666666666666667,66.66666666666666,33.33333333333333,やや速い,前残り・先行優勢,2:34.8
新潟,芝,2400,稍,5,148.8,35.96,53.56,12.4,58.076,37.612,0.29424242424242425,54.620000000000005,35.93333333333333,0.43757575757575756,46.666666666666664,33.33333333333333,標準〜やや上がり,中間/混合,2:28.8
新潟,芝,2400,良,26,146.98846153846154,35.08461538461539,54.04615384615385,12.25,58.79,37.30307692307692,0.36342508358911074,56.392307692307696,35.3025641025641,0.36421907550301214,55.12820512820513,20.51282051282051,スロー上がり,前残り・先行優勢,2:27.0
新潟,芝,2400,重,2,151.25,36.55,52.8,12.605,57.125,38.235,0.24166666666666667,54.65,36.61666666666667,0.3111111111111111,50.0,0.0,標準〜やや上がり,中間/混合,2:31.2
新潟,芝,2850,良,1,183.1,12.8,,12.85,56.03,,0.5555555555555556,,12.866666666666667,0.5555555555555555,33.33333333333333,33.33333333333333,不明,中間/混合,3:03.1
新潟,芝,3250,稍,2,210.85,13.0,,12.975000000000001,55.49,,0.19047619047619047,,13.016666666666666,0.19047619047619047,83.33333333333334,0.0,不明,前残り・先行優勢,3:30.8
新潟,芝,3250,良,7,210.52857142857144,12.971428571428572,,12.954285714285716,55.57714285714286,,0.2002997002997003,,12.980952380952383,0.2648066219494791,71.42857142857143,0.0,不明,前残り・先行優勢,3:30.5
札幌,ダ,1000,不,3,58.9,35.06666666666666,50.1,11.780000000000001,61.129999999999995,35.75,0.3055555555555556,52.06666666666666,35.13333333333333,0.3148148148148148,55.55555555555556,11.11111111111111,標準〜やや上がり,前残り・先行優勢,58.9
札幌,ダ,1000,稍,9,58.733333333333334,35.455555555555556,47.65555555555555,11.746666666666666,61.30111111111111,34.916666666666664,0.17626262626262626,48.5,35.403703703703705,0.32267115600448937,62.96296296296296,18.51851851851852,やや速い,前残り・先行優勢,58.7
札幌,ダ,1000,良,38,58.926315789473676,35.473684210526315,47.43684210526315,11.785263157894738,61.09894736842106,35.17894736842105,0.2605396065922381,49.189473684210526,35.53157894736842,0.35106326422115897,61.40350877192983,14.035087719298245,やや速い,前残り・先行優勢,58.9
札幌,ダ,1000,重,6,58.21666666666667,35.06666666666667,48.699999999999996,11.643333333333333,61.84166666666667,34.725,0.1111111111111111,49.050000000000004,35.111111111111114,0.25925925925925924,77.77777777777779,16.666666666666664,やや速い,前残り・先行優勢,58.2
札幌,ダ,1700,不,12,103.86666666666667,36.94166666666667,47.56666666666666,12.218333333333334,58.92333333333334,36.50416666666667,0.2583943833943834,48.85833333333333,37.18055555555556,0.292506105006105,58.333333333333336,13.88888888888889,やや速い,前残り・先行優勢,1:43.9
札幌,ダ,1700,稍,37,105.43783783783783,37.35675675675676,47.678378378378376,12.405135135135135,58.048918918918915,37.13567567567568,0.25543540543540544,49.44864864864864,37.58648648648649,0.28453348453348454,71.17117117117117,9.90990990990991,やや速い,前残り・先行優勢,1:45.4
札幌,ダ,1700,良,134,105.61044776119402,37.42985074626866,47.80223880597015,12.42455223880597,57.95134328358209,37.19,0.21544216562873278,49.41417910447761,37.64004975124378,0.2818105747210225,67.41293532338308,6.467661691542288,やや速い,前残り・先行優勢,1:45.6
札幌,ダ,1700,重,21,103.5095238095238,36.576190476190476,48.26190476190476,12.177142857142858,59.13238095238095,36.510000000000005,0.18136387422101707,49.857142857142854,36.73015873015873,0.2948511805654663,61.904761904761905,7.936507936507936,やや速い,前残り・先行優勢,1:43.5
札幌,ダ,2400,不,1,152.7,40.4,42.7,12.73,56.58,37.43,0.08333333333333333,42.7,39.06666666666666,0.3055555555555555,66.66666666666666,0.0,ハイ/持続,前残り・先行優勢,2:32.7
札幌,ダ,2400,稍,2,155.2,38.65,49.5,12.93,55.675,38.85,0.18055555555555555,50.5,38.9,0.24537037037037035,83.33333333333334,0.0,やや速い,前残り・先行優勢,2:35.2
札幌,ダ,2400,良,2,153.8,38.65,48.599999999999994,12.82,56.18,38.385,0.16666666666666666,49.35,39.21666666666667,0.23611111111111113,83.33333333333334,0.0,やや速い,前残り・先行優勢,2:33.8
札幌,ダ,2400,重,1,152.1,39.0,46.3,12.68,56.8,37.7,0.16666666666666666,46.7,38.699999999999996,0.3611111111111111,33.33333333333333,0.0,やや速い,中間/混合,2:32.1
札幌,芝,1200,稍,25,70.016,35.288000000000004,45.792,11.6692,61.7048,34.728,0.28553296703296704,48.448,35.32933333333333,0.3371495726495726,58.666666666666664,18.666666666666668,ハイ/持続,前残り・先行優勢,1:10.0
札幌,芝,1200,良,102,68.97254901960784,34.535294117647055,46.865686274509805,11.49549019607843,62.642352941176476,34.437254901960785,0.331949586361351,49.75294117647059,34.66006493506493,0.3338319734017786,58.11688311688312,14.61038961038961,やや速い,前残り・先行優勢,1:09.0
札幌,芝,1200,重,7,70.77142857142857,35.7,45.357142857142854,11.795714285714284,61.041428571428575,35.07142857142857,0.3685064935064935,48.271428571428565,35.84285714285714,0.3704004329004329,52.38095238095239,19.047619047619047,ハイ/持続,中間/混合,1:10.8
札幌,芝,1500,稍,18,89.99444444444445,35.733333333333334,49.233333333333334,11.998888888888889,60.01611111111111,36.175,0.27276658526658526,51.28333333333333,35.818518518518516,0.37052299552299556,55.55555555555556,22.22222222222222,やや速い,前残り・先行優勢,1:30.0
札幌,芝,1500,良,55,88.78181818181818,34.92909090909091,50.458181818181814,11.837818181818182,60.82963636363637,35.90145454545454,0.2706407733680461,52.82545454545455,34.97831325301205,0.36050029287981095,51.204819277108435,16.867469879518072,標準〜やや上がり,中間/混合,1:28.8
札幌,芝,1500,重,4,90.675,36.475,46.65,12.09,59.555,36.13,0.21565934065934064,49.075,36.516666666666666,0.3502747252747253,50.0,16.666666666666664,やや速い,中間/混合,1:30.7
札幌,芝,1800,稍,20,109.675,35.845,51.17,12.186,59.0895,36.915,0.2546360583860584,53.05499999999999,36.02166666666667,0.33070452695452696,58.333333333333336,13.333333333333334,標準〜やや上がり,前残り・先行優勢,1:49.7
札幌,芝,1800,良,83,108.29879518072288,35.17349397590362,51.90722891566265,12.03289156626506,59.843132530120485,36.56265060240963,0.29240020354478186,54.00722891566266,35.32048192771084,0.3304527690069859,59.83935742971887,12.449799196787147,標準〜やや上がり,前残り・先行優勢,1:48.3
札幌,芝,1800,重,5,111.67999999999999,36.260000000000005,51.839999999999996,12.41,58.025999999999996,37.71,0.3261904761904762,54.0,36.513333333333335,0.26515151515151514,66.66666666666666,6.666666666666667,標準〜やや上がり,前残り・先行優勢,1:51.7
札幌,芝,2000,稍,26,122.83076923076922,36.16538461538461,50.66153846153846,12.283076923076923,58.621538461538464,37.14192307692308,0.2590339148031456,52.80384615384616,36.367948717948714,0.3230523927639312,64.1025641025641,14.102564102564102,標準〜やや上がり,前残り・先行優勢,2:02.8
札幌,芝,2000,良,81,121.23456790123457,35.41851851851852,52.053086419753086,12.123456790123457,59.39333333333333,36.778395061728396,0.26467322115470265,53.909876543209876,35.51275720164609,0.3358319264183462,59.25925925925925,13.991769547325102,標準〜やや上がり,前残り・先行優勢,2:01.2
札幌,芝,2000,重,2,124.45,36.900000000000006,48.8,12.445,57.86,37.525,0.22916666666666666,51.650000000000006,37.083333333333336,0.4375,16.666666666666664,16.666666666666664,やや速い,中間/混合,2:04.5
札幌,芝,2600,稍,9,163.07777777777778,36.17777777777778,54.15555555555555,12.544444444444444,57.400000000000006,38.07,0.2773809523809524,55.27777777777778,36.355555555555554,0.2777777777777778,70.37037037037037,3.7037037037037033,スロー上がり,前残り・先行優勢,2:43.1
札幌,芝,2600,良,52,161.43269230769232,35.73461538461539,53.861538461538466,12.417692307692308,57.98769230769231,37.70942307692308,0.2682452696875774,55.60192307692308,35.922435897435896,0.309959484959485,60.89743589743589,11.538461538461538,標準〜やや上がり,前残り・先行優勢,2:41.4
札幌,芝,2600,重,1,163.2,35.8,54.1,12.55,57.35,38.22,0.07692307692307693,56.8,36.266666666666666,0.3333333333333333,66.66666666666666,33.33333333333333,スロー上がり,前残り・先行優勢,2:43.2
東京,ダ,1300,不,6,77.11666666666666,35.53333333333333,48.050000000000004,11.865,60.69,35.641666666666666,0.2569444444444444,50.35,35.76111111111111,0.30671296296296297,72.22222222222221,27.77777777777778,やや速い,前残り・先行優勢,1:17.1
東京,ダ,1300,稍,16,77.75,35.84375,47.63125,11.9625,60.19875,35.920625,0.3000085851648352,50.25625,36.03958333333333,0.3264795100732601,60.416666666666664,12.5,やや速い,前残り・先行優勢,1:17.8
東京,ダ,1300,良,60,78.30491803278689,36.10983606557377,47.30983606557377,12.04688524590164,59.77081967213115,36.16688524590164,0.3525654673195657,50.19672131147541,36.24,0.3650808682058682,56.666666666666664,17.77777777777778,やや速い,前残り・先行優勢,1:18.3
東京,ダ,1300,重,8,76.7,35.4625,47.6625,11.8,61.02,35.345,0.28125,49.7125,35.62083333333333,0.2951388888888889,70.83333333333334,8.333333333333332,やや速い,前残り・先行優勢,1:16.7
東京,ダ,1400,不,20,83.01,35.71,47.214999999999996,11.8585,60.7205,35.477,0.28562499999999996,49.38,35.81166666666666,0.3604563492063492,55.00000000000001,21.666666666666668,やや速い,前残り・先行優勢,1:23.0
東京,ダ,1400,稍,93,83.9063829787234,35.920212765957444,47.577659574468086,11.986489361702128,60.074893617021274,35.99202127659574,0.3421367196633154,50.227659574468085,36.03906810035842,0.39285582995260415,51.25448028673835,24.014336917562723,やや速い,中間/混合,1:23.9
東京,ダ,1400,良,275,84.4290909090909,36.19309090909091,47.45781818181818,12.061272727272726,59.70112727272728,36.1796,0.31920947234583597,50.007636363636365,36.33733333333333,0.3549315936588664,56.242424242424235,18.06060606060606,やや速い,前残り・先行優勢,1:24.4
東京,ダ,1400,重,54,83.16666666666667,35.52407407407407,47.78703703703704,11.881481481481481,60.60629629629629,35.73481481481482,0.3763414055080722,50.62222222222222,35.69135802469136,0.3975031655587211,51.85185185185185,30.246913580246915,やや速い,中間/混合,1:23.2
東京,ダ,1600,不,32,95.9625,35.95,48.175,11.99625,60.0284375,36.0075,0.3821598973942724,50.21875,36.16979166666667,0.3663189674908425,61.458333333333336,22.916666666666664,やや速い,前残り・先行優勢,1:36.0
東京,ダ,1600,稍,90,96.59333333333333,36.23777777777778,47.85,12.075666666666667,59.64022222222222,36.21333333333333,0.36276200651200646,49.98444444444445,36.35407407407408,0.41119674564119013,48.51851851851852,25.185185185185183,やや速い,中間/混合,1:36.6
東京,ダ,1600,良,310,97.15337620578778,36.37588424437299,48.11897106109325,12.145273311897105,59.295498392282965,36.46649517684887,0.3230870594214646,50.29903536977492,36.48150537634409,0.3866322715516264,50.752688172043015,20.75268817204301,やや速い,中間/混合,1:37.2
東京,ダ,1600,重,76,95.5671052631579,35.77105263157895,48.272368421052626,11.9475,60.27947368421052,35.877631578947366,0.33029200331831915,50.35394736842105,35.896491228070175,0.39198013244065877,50.877192982456144,24.561403508771928,やや速い,中間/混合,1:35.6
東京,ダ,2100,不,11,128.93636363636364,36.300000000000004,51.11818181818182,12.280000000000001,58.63727272727272,37.054545454545455,0.2056818181818182,52.10909090909092,36.42727272727272,0.2852272727272727,72.72727272727273,12.121212121212121,標準〜やや上がり,前残り・先行優勢,2:08.9
東京,ダ,2100,稍,37,130.94594594594594,36.85405405405405,50.105405405405406,12.47081081081081,57.738378378378385,37.63675675675675,0.3911225036225036,52.1972972972973,37.13603603603604,0.38200326950326946,51.35135135135135,23.423423423423422,標準〜やや上がり,中間/混合,2:10.9
東京,ダ,2100,良,136,131.5080882352941,37.029411764705884,50.48088235294117,12.52470588235294,57.49286764705882,37.7914705882353,0.3020221812501224,52.127941176470586,37.134229828850856,0.36722365857451433,55.256723716381416,19.315403422982886,標準〜やや上がり,前残り・先行優勢,2:11.5
東京,ダ,2100,重,27,129.1888888888889,35.92962962962963,52.03703703703704,12.302962962962964,58.522592592592595,37.303703703703704,0.3649444691111358,53.8962962962963,36.165432098765436,0.36870917148694926,55.55555555555556,19.753086419753085,標準〜やや上がり,前残り・先行優勢,2:09.2
東京,ダ,2400,良,1,152.5,36.6,54.4,12.71,56.66,38.63,0.3125,55.6,37.03333333333333,0.4166666666666667,66.66666666666666,33.33333333333333,スロー上がり,前残り・先行優勢,2:32.5
東京,ダ,3100,良,2,208.35,13.45,,13.440000000000001,53.57,,0.10714285714285714,,13.483333333333334,0.36904761904761907,33.33333333333333,16.666666666666664,不明,中間/混合,3:28.3
東京,芝,1400,不,7,85.35714285714286,36.41428571428571,46.6,12.194285714285714,59.082857142857144,36.708571428571425,0.41468253968253965,50.857142857142854,36.55714285714286,0.4573646125116714,47.61904761904761,33.33333333333333,やや速い,中間/混合,1:25.4
東京,芝,1400,稍,28,81.56785714285715,34.075,52.32857142857143,11.6525,61.793214285714285,35.622142857142855,0.29360956503813646,54.596428571428575,34.12738095238095,0.32870793227936085,59.523809523809526,11.904761904761903,標準〜やや上がり,前残り・先行優勢,1:21.6
東京,芝,1400,良,238,81.00294117647059,33.66596638655462,52.232352941176465,11.571806722689077,62.22693277310925,35.50546218487395,0.38392640684410334,55.50294117647059,33.75622377622378,0.4013945450545615,46.71328671328671,23.356643356643357,標準〜やや上がり,中間/混合,1:21.0
東京,芝,1400,重,10,82.58,34.65,50.160000000000004,11.797,61.038,35.95,0.46238436400201105,53.8,34.829032258064515,0.4647174378436238,48.38709677419355,41.935483870967744,標準〜やや上がり,差し届く,1:22.6
東京,芝,1600,不,11,97.82727272727271,36.52727272727273,48.690909090909095,12.22909090909091,58.908181818181816,36.78,0.4003570849827534,50.77272727272727,36.78181818181818,0.4224757763527817,42.42424242424242,18.181818181818183,やや速い,中間/混合,1:37.8
東京,芝,1600,稍,35,94.02857142857142,33.96857142857143,53.09714285714286,11.755428571428572,61.26428571428571,36.036,0.45188545814596237,56.11714285714285,34.05714285714286,0.4766082773435715,36.19047619047619,34.285714285714285,標準〜やや上がり,中間/混合,1:34.0
東京,芝,1600,良,280,93.3907142857143,33.70142857142857,53.378571428571426,11.675285714285714,61.685178571428565,35.81357142857143,0.40779910536475666,56.318214285714284,33.81331747919144,0.4219917561746267,45.18430439952438,24.97027348394768,標準〜やや上がり,中間/混合,1:33.4
東京,芝,1600,重,6,95.33333333333333,34.4,54.21666666666667,11.916666666666666,60.43,36.56,0.37598396973396975,56.36666666666667,34.46111111111111,0.45974434516101176,44.44444444444444,38.88888888888889,スロー上がり,差し届く,1:35.3
東京,芝,1800,不,5,110.64000000000001,36.08,51.92,12.296000000000001,58.608000000000004,37.28,0.3007936507936508,53.36,36.18666666666666,0.28029100529100526,73.33333333333333,6.666666666666667,標準〜やや上がり,前残り・先行優勢,1:50.6
東京,芝,1800,稍,34,107.46470588235294,34.199999999999996,54.78529411764706,11.94,60.307647058823534,36.63235294117647,0.391801386329933,57.21764705882353,34.32254901960784,0.4284498821696054,43.13725490196079,26.47058823529412,スロー上がり,中間/混合,1:47.5
東京,芝,1800,良,244,106.68204081632652,33.666938775510204,55.657551020408164,11.853387755102041,60.74918367346938,36.507551020408165,0.4344346556471406,58.48857142857143,33.8181446111869,0.4300229391915452,43.38335607094134,25.375170532060025,スロー上がり,中間/混合,1:46.7
東京,芝,1800,重,8,107.8625,35.0375,51.65,11.985,60.0775,36.4125,0.2859375,54.0,35.050000000000004,0.44687499999999997,37.5,25.0,標準〜やや上がり,中間/混合,1:47.9
東京,芝,2000,不,6,126.36666666666667,37.31666666666667,51.5,12.636666666666665,56.995000000000005,38.165,0.28055555555555556,52.28333333333333,37.58888888888889,0.30709876543209874,72.22222222222221,11.11111111111111,標準〜やや上がり,前残り・先行優勢,2:06.4
東京,芝,2000,稍,18,120.77222222222223,34.62777777777777,55.65555555555555,12.077222222222222,59.62166666666667,36.91888888888889,0.26589506172839505,56.71666666666667,34.520370370370365,0.403551720912832,51.85185185185185,16.666666666666664,スロー上がり,中間/混合,2:00.8
東京,芝,2000,良,208,119.5875,33.86634615384615,56.11923076923077,11.95875,60.214807692307694,36.737115384615386,0.4035290740713535,58.53894230769231,33.98557692307692,0.432572308834328,41.18589743589743,24.19871794871795,スロー上がり,中間/混合,1:59.6
東京,芝,2000,重,3,121.0,34.63333333333333,55.86666666666667,12.1,59.53,37.01333333333333,0.25,56.86666666666667,34.56666666666667,0.35,66.66666666666666,11.11111111111111,スロー上がり,前残り・先行優勢,2:01.0
東京,芝,2300,良,9,140.43333333333334,33.95555555555555,58.94444444444444,12.211111111111112,58.97,37.58111111111111,0.41766875100208434,60.71111111111111,34.12222222222222,0.43443696221474,37.03703703703704,37.03703703703704,スロー上がり,差し届く,2:20.4
東京,芝,2400,不,5,151.5,35.94,56.17999999999999,12.628,57.038,38.518,0.2852525252525252,57.260000000000005,36.06666666666667,0.42646464646464644,46.666666666666664,26.666666666666668,スロー上がり,中間/混合,2:31.5
東京,芝,2400,稍,24,146.99166666666667,34.90833333333333,54.85833333333333,12.25,58.78541666666666,37.36083333333333,0.4499581539103598,57.11666666666667,35.09305555555555,0.407210351603734,48.61111111111111,20.833333333333336,スロー上がり,中間/混合,2:27.0
東京,芝,2400,良,174,145.30114285714285,34.06685714285714,56.38171428571428,12.109485714285713,59.47217142857142,37.07845714285715,0.4416341371047253,58.888,34.2007662835249,0.45622135280265774,39.84674329501915,29.693486590038315,スロー上がり,中間/混合,2:25.3
東京,芝,2400,重,7,146.97142857142856,35.114285714285714,53.628571428571426,12.248571428571427,58.79571428571428,37.285714285714285,0.4858585858585859,56.271428571428565,35.27142857142857,0.5143544286401429,28.57142857142857,33.33333333333333,標準〜やや上がり,中間/混合,2:27.0
東京,芝,2500,良,22,151.3181818181818,34.086363636363636,55.89545454545455,12.105454545454545,59.48363636363637,37.02181818181818,0.4202734765234765,58.690909090909095,34.24328358208955,0.42995803947296485,38.80597014925373,20.8955223880597,スロー上がり,中間/混合,2:31.3
東京,芝,3110,稍,9,209.46666666666667,13.477777777777778,,13.472222222222221,53.46,,0.18276939110272444,,13.485185185185186,0.2742519825853159,70.37037037037037,11.11111111111111,不明,前残り・先行優勢,3:29.5
東京,芝,3110,良,18,206.5611111111111,13.294444444444444,,13.283888888888889,54.20444444444445,,0.24480981980981978,,13.307407407407409,0.29876861821306266,72.22222222222221,9.25925925925926,不明,前残り・先行優勢,3:26.6
東京,芝,3110,重,2,212.25,13.649999999999999,,13.65,52.75,,0.23333333333333334,,13.716666666666667,0.16944444444444443,100.0,0.0,不明,前残り・先行優勢,3:32.2
東京,芝,3400,良,10,211.42999999999998,34.76,56.86,12.436,57.894000000000005,37.856,0.48023809523809524,59.05,35.059999999999995,0.43043650793650795,40.0,26.666666666666668,スロー上がり,中間/混合,3:31.4
福島,ダ,1150,不,5,67.24,36.339999999999996,42.68,11.693999999999999,61.576,33.71,0.07583333333333334,42.78,36.22,0.23111111111111113,80.0,6.666666666666667,ハイ/持続,前残り・先行優勢,1:07.2
福島,ダ,1150,稍,24,68.24583333333334,36.5875,42.71666666666667,11.869166666666667,60.668749999999996,34.53666666666667,0.20216883810633812,44.42916666666667,36.650000000000006,0.2739530723905724,68.05555555555556,6.944444444444445,ハイ/持続,前残り・先行優勢,1:08.2
福島,ダ,1150,良,135,68.73777777777778,36.86740740740741,42.184444444444445,11.954444444444444,60.23422222222222,34.76777777777777,0.24832016748683416,44.339999999999996,36.98765432098765,0.29619407341629567,66.17283950617285,12.345679012345679,ハイ/持続,前残り・先行優勢,1:08.7
福島,ダ,1150,重,19,67.57894736842105,36.28947368421053,43.43684210526316,11.75263157894737,61.263684210526314,34.13473684210526,0.1442583732057416,44.078947368421055,36.33157894736842,0.22404084706716285,82.45614035087719,1.7543859649122806,ハイ/持続,前残り・先行優勢,1:07.6
福島,ダ,1700,不,3,103.66666666666667,36.46666666666667,49.13333333333333,12.196666666666667,59.03666666666667,36.656666666666666,0.2888888888888889,50.53333333333333,36.72222222222222,0.2851851851851852,66.66666666666666,11.11111111111111,やや速い,前残り・先行優勢,1:43.7
福島,ダ,1700,稍,33,105.88484848484848,37.73939393939394,46.872727272727275,12.456969696969697,57.802727272727275,37.169696969696965,0.23556065146974237,48.53636363636364,37.93636363636364,0.288106758561304,67.67676767676768,8.080808080808081,やや速い,前残り・先行優勢,1:45.9
福島,ダ,1700,良,172,106.09826589595376,37.87109826589595,47.03063583815029,12.482196531791908,57.6871676300578,37.21491329479769,0.22234416193953765,48.32312138728324,38.01531007751938,0.26993862081071385,71.70542635658916,5.813953488372093,やや速い,前残り・先行優勢,1:46.1
福島,ダ,1700,重,27,104.95185185185184,37.44074074074074,47.44814814814814,12.347037037037037,58.319259259259255,36.824444444444445,0.20667295667295668,48.411111111111104,37.59506172839506,0.27764169986392206,67.90123456790124,4.938271604938271,やや速い,前残り・先行優勢,1:45.0
福島,芝,1200,不,3,70.8,36.03333333333333,43.26666666666667,11.803333333333333,61.02,34.76666666666667,0.2708333333333333,46.5,36.44444444444444,0.28703703703703703,77.77777777777779,11.11111111111111,ハイ/持続,前残り・先行優勢,1:10.8
福島,芝,1200,稍,28,70.05714285714285,35.31071428571429,46.36785714285714,11.674999999999999,61.67107142857143,34.746428571428574,0.2729875283446712,48.43571428571429,35.438095238095244,0.3219005531505531,64.28571428571429,16.666666666666664,やや速い,前残り・先行優勢,1:10.1
福島,芝,1200,良,261,69.13333333333333,34.74750957854406,46.53716475095786,11.522030651340996,62.49601532567049,34.38582375478927,0.2943811350420546,48.99846743295019,34.80165816326531,0.34212032121789776,56.88775510204081,16.071428571428573,やや速い,前残り・先行優勢,1:09.1
福島,芝,1200,重,9,70.42222222222222,35.81111111111111,43.8,11.737777777777778,61.361111111111114,34.611111111111114,0.3125,46.666666666666664,36.035714285714285,0.359375,60.71428571428571,21.428571428571427,ハイ/持続,前残り・先行優勢,1:10.4
福島,芝,1800,不,1,109.8,35.9,50.4,12.2,59.02,36.95,0.3125,52.9,35.93333333333333,0.4375,66.66666666666666,33.33333333333333,標準〜やや上がり,前残り・先行優勢,1:49.8
福島,芝,1800,稍,23,109.26086956521739,35.99130434782609,48.939130434782605,12.139565217391304,59.313478260869566,36.63478260869565,0.32747053670966714,51.84347826086957,36.27536231884058,0.3180787811222594,63.76811594202898,13.043478260869565,やや速い,前残り・先行優勢,1:49.3
福島,芝,1800,良,136,108.17426470588236,35.21985294117647,51.04485294117647,12.019485294117647,59.910000000000004,36.47720588235294,0.3538939818351583,53.608823529411765,35.38137254901961,0.3452114776563306,56.86274509803921,15.686274509803921,標準〜やや上がり,前残り・先行優勢,1:48.2
福島,芝,1800,重,5,110.64000000000001,36.28,50.46,12.294,58.588,37.18,0.3822649572649573,52.56,36.480000000000004,0.3022079772079772,60.0,6.666666666666667,標準〜やや上がり,前残り・先行優勢,1:50.6
福島,芝,2000,不,1,124.8,36.6,49.4,12.48,57.69,37.8,0.5625,53.3,37.1,0.3958333333333333,66.66666666666666,0.0,やや速い,前残り・先行優勢,2:04.8
福島,芝,2000,稍,23,122.19130434782609,36.278260869565216,49.01304347826087,12.21913043478261,58.93000000000001,36.818695652173915,0.31944921021007977,51.5391304347826,36.504347826086956,0.3359079929732104,50.72463768115942,8.695652173913043,やや速い,中間/混合,2:02.2
福島,芝,2000,良,140,120.59290780141843,35.55744680851064,50.52269503546099,12.059290780141843,59.71170212765958,36.44425531914894,0.28484350558818644,52.5468085106383,35.681428571428576,0.3360709264280693,57.61904761904761,13.80952380952381,標準〜やや上がり,前残り・先行優勢,2:00.6
福島,芝,2000,重,8,122.85,36.6375,48.2375,12.285,58.61125,36.948750000000004,0.26875,50.9,37.05416666666667,0.21986607142857142,79.16666666666666,0.0,やや速い,前残り・先行優勢,2:02.8
福島,芝,2600,稍,10,163.57999999999998,36.519999999999996,52.23,12.583,57.222,38.118,0.3329578754578755,54.39,36.88333333333333,0.28493284493284493,63.33333333333333,6.666666666666667,標準〜やや上がり,前残り・先行優勢,2:43.6
福島,芝,2600,良,81,161.22073170731707,35.825609756097556,53.54390243902439,12.401951219512195,58.06439024390244,37.61853658536585,0.2544975011438426,55.05121951219512,35.93909465020577,0.32103922597749757,61.31687242798354,12.345679012345679,標準〜やや上がり,前残り・先行優勢,2:41.2
福島,芝,2600,重,5,164.64000000000001,36.72,51.8,12.666,56.86,38.376,0.325,54.58,37.086666666666666,0.3101190476190476,53.333333333333336,0.0,標準〜やや上がり,中間/混合,2:44.6
阪神,ダ,1200,不,13,70.75384615384615,35.723076923076924,45.51538461538462,11.79076923076923,61.06153846153847,35.03076923076923,0.28832417582417585,48.08461538461539,35.815384615384616,0.3613247863247863,48.717948717948715,17.94871794871795,ハイ/持続,中間/混合,1:10.8
阪神,ダ,1200,稍,60,71.56333333333333,36.25666666666667,44.89666666666667,11.9275,60.3735,35.306666666666665,0.2931284225034225,47.416666666666664,36.34444444444444,0.33801756114256115,61.66666666666667,16.11111111111111,ハイ/持続,前残り・先行優勢,1:11.6
阪神,ダ,1200,良,164,71.76829268292683,36.39329268292683,44.709146341463416,11.96170731707317,60.198475609756095,35.375,0.2765998737035323,47.235975609756096,36.486585365853664,0.3392335983799398,59.552845528455286,16.463414634146343,ハイ/持続,前残り・先行優勢,1:11.8
阪神,ダ,1200,重,33,70.97272727272727,35.82121212121212,45.381818181818176,11.828484848484848,60.874242424242425,35.15151515151515,0.32859980928162746,48.157575757575756,35.962626262626266,0.3405865178592451,55.55555555555556,16.161616161616163,ハイ/持続,前残り・先行優勢,1:11.0
阪神,ダ,1400,不,17,83.25294117647059,36.44705882352941,44.241176470588236,11.894705882352941,60.542352941176475,35.107058823529414,0.2848090634855341,46.34117647058823,36.55098039215686,0.34655205905205905,56.86274509803921,11.76470588235294,ハイ/持続,前残り・先行優勢,1:23.3
阪神,ダ,1400,稍,91,84.02087912087912,36.76373626373626,43.68901098901099,12.003406593406593,59.99142857142857,35.44516483516483,0.33899383583449516,46.458241758241755,36.87985347985348,0.37590339554625274,53.11355311355312,19.047619047619047,ハイ/持続,中間/混合,1:24.0
阪神,ダ,1400,良,212,84.36462264150943,36.882547169811325,44.112264150943396,12.052264150943396,59.74580188679246,35.6141037735849,0.30866816621533605,46.59905660377358,37.015251572327045,0.3501397864015789,56.60377358490566,17.138364779874212,ハイ/持続,前残り・先行優勢,1:24.4
阪神,ダ,1400,重,37,83.28378378378379,36.24054054054054,44.821621621621624,11.898378378378379,60.521081081081086,35.28567567567568,0.33938081438081436,47.3972972972973,36.44234234234234,0.364996814996815,54.054054054054056,16.216216216216218,ハイ/持続,中間/混合,1:23.3
阪神,ダ,1800,不,20,111.28,36.864999999999995,49.635000000000005,12.364,58.2385,37.207499999999996,0.2651950133200133,50.975,37.056666666666665,0.3104024447774448,66.66666666666666,11.666666666666666,やや速い,前残り・先行優勢,1:51.3
阪神,ダ,1800,稍,91,112.41758241758242,37.11978021978022,49.72637362637363,12.490989010989011,57.64967032967033,37.6489010989011,0.2897613528108034,51.465934065934064,37.370329670329674,0.3183032372592812,64.1025641025641,12.454212454212454,やや速い,前残り・先行優勢,1:52.4
阪神,ダ,1800,良,299,113.03478260869565,37.445150501672245,49.23277591973244,12.559264214046822,57.33297658862877,37.7948160535117,0.29585255417195216,50.98595317725752,37.64470457079153,0.3401453371353037,60.535117056856194,15.719063545150503,やや速い,前残り・先行優勢,1:53.0
阪神,ダ,1800,重,46,111.3804347826087,36.926086956521736,48.821739130434786,12.376086956521737,58.18739130434783,37.22717391304348,0.31702612001525043,50.87826086956522,37.03333333333334,0.37918690608908,51.449275362318836,18.115942028985508,やや速い,中間/混合,1:51.4
阪神,ダ,2000,不,9,124.1222222222222,37.46666666666667,47.422222222222224,12.412222222222223,58.01222222222222,37.138888888888886,0.27846119929453267,49.21111111111111,37.470370370370375,0.374375367430923,48.148148148148145,14.814814814814813,やや速い,中間/混合,2:04.1
阪神,ダ,2000,稍,22,124.83181818181819,37.48636363636364,48.277272727272724,12.483181818181817,57.68545454545454,37.43363636363636,0.26517188619461346,49.89545454545455,37.724242424242426,0.30948792369246914,62.121212121212125,10.606060606060606,やや速い,前残り・先行優勢,2:04.8
阪神,ダ,2000,良,80,125.86625,37.56875,49.0625,12.586625,57.210249999999995,37.842625,0.3216486811799312,50.79875,37.781666666666666,0.3511542624042624,57.49999999999999,15.0,やや速い,前残り・先行優勢,2:05.9
阪神,ダ,2000,重,14,124.62857142857142,37.30714285714286,48.90714285714286,12.462857142857143,57.775,37.42357142857143,0.25486150754007897,50.35,37.60476190476191,0.31515736247879106,59.523809523809526,14.285714285714285,やや速い,前残り・先行優勢,2:04.6
阪神,芝,1200,稍,21,69.03809523809524,34.58095238095238,47.03809523809524,11.506666666666666,62.578095238095244,34.457142857142856,0.2914006628292342,49.72857142857143,34.695238095238096,0.31023896738182455,65.07936507936508,12.698412698412698,やや速い,前残り・先行優勢,1:09.0
阪神,芝,1200,良,112,68.4875,34.003571428571426,48.78035714285714,11.414732142857144,63.082946428571425,34.48392857142857,0.3327079418597276,51.46339285714286,34.07448071216617,0.356365741083842,56.083086053412465,18.100890207715135,やや速い,前残り・先行優勢,1:08.5
阪神,芝,1200,重,12,69.73333333333333,35.06666666666667,47.800000000000004,11.621666666666668,61.955000000000005,34.666666666666664,0.17033313908313907,48.88333333333333,35.08108108108108,0.322002772002772,59.45945945945946,13.513513513513514,やや速い,前残り・先行優勢,1:09.7
阪神,芝,1400,稍,25,81.8153846153846,34.965384615384615,48.396153846153844,11.687307692307693,61.60576923076923,35.14038461538461,0.32514335526213356,50.53846153846154,35.112,0.3482575289634113,57.333333333333336,17.333333333333336,やや速い,前残り・先行優勢,1:21.8
阪神,芝,1400,良,162,80.7679012345679,34.50185185185185,48.27160493827161,11.538395061728394,62.406851851851854,34.70197530864198,0.35459876402142193,50.623456790123456,34.58831967213114,0.4046175860529163,48.97540983606557,24.18032786885246,やや速い,中間/混合,1:20.8
阪神,芝,1400,重,13,82.19999999999999,35.53846153846154,46.73846153846154,11.743076923076924,61.322307692307696,34.99769230769231,0.2941067479529018,48.55384615384616,35.6025641025641,0.3071879687264302,56.41025641025641,10.256410256410255,やや速い,前残り・先行優勢,1:22.2
阪神,芝,1600,稍,46,94.36170212765957,34.32553191489362,52.6063829787234,11.796170212765956,61.047872340425535,36.02170212765957,0.3804321009264689,55.00851063829787,34.416666666666664,0.4212089907582235,47.10144927536232,26.08695652173913,標準〜やや上がり,中間/混合,1:34.4
阪神,芝,1600,良,226,93.49030837004405,33.79295154185022,53.36696035242291,11.687841409691629,61.61748898678414,35.8184140969163,0.4090990190886537,56.048458149779734,33.908849557522124,0.4338751775438397,43.657817109144545,26.696165191740413,標準〜やや上がり,中間/混合,1:33.5
阪神,芝,1600,重,19,94.95263157894736,34.9,50.578947368421055,11.87,60.665789473684214,36.03157894736842,0.4016596449645985,53.26842105263158,35.126315789473686,0.4043449656065755,45.614035087719294,17.543859649122805,標準〜やや上がり,中間/混合,1:35.0
阪神,芝,1800,稍,31,107.50645161290322,34.63225806451613,53.68709677419355,11.94483870967742,60.281612903225806,36.43709677419355,0.33704995721124753,55.309677419354834,34.691489361702125,0.39538477184753784,46.808510638297875,24.46808510638298,標準〜やや上がり,中間/混合,1:47.5
阪神,芝,1800,良,175,106.2215909090909,33.810227272727275,55.02045454545455,11.802329545454546,61.01284090909091,36.205681818181816,0.4070818418620892,57.1375,33.964952380952376,0.43427735647483545,43.61904761904762,25.71428571428571,スロー上がり,中間/混合,1:46.2
阪神,芝,1800,重,9,108.14444444444445,34.81111111111111,52.94444444444444,12.015555555555556,59.92666666666667,36.666666666666664,0.49204653371320034,55.544444444444444,35.111111111111114,0.40190724912947134,37.03703703703704,18.51851851851852,標準〜やや上がり,中間/混合,1:48.1
阪神,芝,2000,稍,25,121.876,35.412,53.656000000000006,12.1876,59.081199999999995,37.0556,0.30263847263847266,54.7,35.529333333333334,0.39073084323084323,52.0,20.0,標準〜やや上がり,中間/混合,2:01.9
阪神,芝,2000,良,181,120.04890109890111,34.77802197802198,53.3021978021978,12.004890109890109,59.98269230769231,36.544175824175824,0.3494036183596623,55.142857142857146,34.86433823529412,0.3928252456285545,50.36764705882353,20.22058823529412,標準〜やや上がり,中間/混合,2:00.0
阪神,芝,2000,重,13,122.3076923076923,35.83846153846154,52.23846153846154,12.23076923076923,58.87307692307692,37.05769230769231,0.31370659255274636,53.46923076923077,36.01025641025641,0.40209740402048094,43.58974358974359,28.205128205128204,標準〜やや上がり,中間/混合,2:02.3
阪神,芝,2200,稍,13,133.3,35.753846153846155,51.0923076923077,12.118461538461538,59.42153846153846,36.581538461538464,0.2590124681753641,52.38461538461539,35.87948717948718,0.3703040088786695,51.28205128205128,23.076923076923077,標準〜やや上がり,中間/混合,2:13.3
阪神,芝,2200,良,56,132.76964285714286,34.82678571428571,53.93928571428571,12.069999999999999,59.65785714285715,36.730000000000004,0.39133918427510866,55.56428571428571,34.96964285714286,0.42615337753205396,46.42857142857143,25.0,標準〜やや上がり,中間/混合,2:12.8
阪神,芝,2200,重,4,133.875,35.825,49.6,12.1675,59.1625,36.769999999999996,0.503968253968254,52.625,36.074999999999996,0.45502645502645506,16.666666666666664,16.666666666666664,やや速い,中間/混合,2:13.9
阪神,芝,2400,稍,23,148.08695652173913,35.130434782608695,55.65217391304348,12.341739130434783,58.35173913043478,37.65260869565218,0.4361196774240252,57.30869565217391,35.44927536231884,0.4377746247311465,42.028985507246375,21.73913043478261,スロー上がり,中間/混合,2:28.1
阪神,芝,2400,良,94,146.65425531914894,34.409574468085104,57.36595744680851,12.221702127659574,58.92436170212766,37.41468085106383,0.3897436340255489,58.84148936170213,34.51560283687943,0.43603444427912513,40.42553191489361,26.595744680851062,スロー上がり,中間/混合,2:26.7
阪神,芝,2400,重,7,148.34285714285716,35.642857142857146,54.471428571428575,12.362857142857143,58.24714285714286,37.56571428571429,0.32281964067678354,55.55714285714286,35.78095238095238,0.388839467410896,52.38095238095239,19.047619047619047,スロー上がり,中間/混合,2:28.3
阪神,芝,2600,稍,7,159.6,35.371428571428574,53.91428571428571,12.275714285714287,58.64857142857143,37.26857142857143,0.32855543149660793,55.4,35.58571428571428,0.39219059807295104,42.857142857142854,23.809523809523807,標準〜やや上がり,中間/混合,2:39.6
阪神,芝,2600,良,17,158.80588235294115,34.42941176470588,56.84117647058823,12.215294117647058,58.95176470588235,37.31294117647059,0.451691018516278,58.41764705882353,34.59019607843137,0.4813290355677899,33.33333333333333,27.450980392156865,スロー上がり,中間/混合,2:38.8
阪神,芝,2600,重,1,162.6,35.4,55.5,12.51,57.56,38.16,0.625,57.8,35.766666666666666,0.3333333333333333,66.66666666666666,33.33333333333333,スロー上がり,前残り・先行優勢,2:42.6
阪神,芝,3000,稍,2,186.65,36.2,52.85,12.44,57.864999999999995,37.614999999999995,0.19090909090909092,54.1,36.75,0.23535353535353534,100.0,0.0,標準〜やや上がり,前残り・先行優勢,3:06.7
阪神,芝,3000,良,14,184.32142857142858,35.25,54.35,12.287857142857144,58.597857142857144,37.269999999999996,0.2912991770134627,55.785714285714285,35.48571428571429,0.33131656703085277,54.761904761904766,14.285714285714285,スロー上がり,中間/混合,3:04.3
阪神,芝,3000,重,2,187.3,36.9,50.35,12.49,57.66,37.6,0.32371794871794873,51.9,36.9,0.5202991452991453,33.33333333333333,33.33333333333333,標準〜やや上がり,中間/混合,3:07.3
阪神,芝,3140,稍,2,212.75,13.55,,13.55,53.144999999999996,,0.14285714285714285,,13.583333333333334,0.3214285714285714,66.66666666666666,16.666666666666664,不明,前残り・先行優勢,3:32.8
阪神,芝,3140,良,16,209.8625,13.375,,13.366249999999999,53.871875,,0.1462360556110556,,13.40625,0.22344854219854218,83.33333333333334,2.083333333333333,不明,前残り・先行優勢,3:29.9
阪神,芝,3200,稍,1,196.2,36.4,51.3,12.26,58.72,36.88,0.05555555555555555,51.3,36.96666666666667,0.1111111111111111,100.0,0.0,標準〜やや上がり,前残り・先行優勢,3:16.2
阪神,芝,3200,良,3,196.66666666666666,35.833333333333336,52.300000000000004,12.293333333333331,58.59,37.11666666666667,0.2689075630252101,53.699999999999996,36.111111111111114,0.24929971988795518,77.77777777777779,0.0,標準〜やや上がり,前残り・先行優勢,3:16.7
阪神,芝,3900,稍,2,261.85,13.45,,13.43,53.625,,0.22916666666666666,,13.5,0.2962962962962963,83.33333333333334,16.666666666666664,不明,前残り・先行優勢,4:21.9
阪神,芝,3900,良,8,265.525,13.6,,13.61625,52.88625,,0.20214646464646463,,13.637500000000001,0.26104797979797983,70.83333333333334,0.0,不明,前残り・先行優勢,4:25.5
