調教師,race_pace,件数,勝率,複勝率
和田正一,nan,31,0.45161290322580644,0.5483870967741935
南井克巳,nan,30,0.15625,0.4375
清水久詞,nan,30,0.14285714285714285,0.42857142857142855
浅見秀一,nan,40,0.09523809523809523,0.3333333333333333
五十嵐忠,nan,38,0.15384615384615385,0.3333333333333333
武市康男,nan,38,0.07692307692307693,0.3333333333333333
木村哲也,やや速い,257,0.12075471698113208,0.35094339622641507
堀宣行,やや速い,329,0.14782608695652175,0.34492753623188405
藤沢和雄,やや速い,292,0.12852664576802508,0.3385579937304075
池江泰寿,やや速い,373,0.13283208020050125,0.3383458646616541
四位洋文,やや速い,76,0.09090909090909091,0.33766233766233766
中内田充,やや速い,323,0.13253012048192772,0.3313253012048193
松田国英,やや速い,185,0.11290322580645161,0.3225806451612903
安田翔伍,やや速い,180,0.14207650273224043,0.3224043715846995
藤原英昭,やや速い,407,0.14150943396226415,0.32075471698113206
松永幹夫,やや速い,376,0.10236220472440945,0.31496062992125984
嘉藤貴行,やや速い,63,0.11940298507462686,0.31343283582089554
野中賢二,やや速い,322,0.11746987951807229,0.3132530120481928
田中克典,やや速い,135,0.11594202898550725,0.3115942028985507
安田隆行,やや速い,571,0.10508474576271186,0.3016949152542373
大久保龍,やや速い,371,0.10539845758354756,0.30077120822622105
吉村圭司,やや速い,278,0.13214285714285715,0.3
長谷川浩,やや速い,184,0.0855614973262032,0.2994652406417112
加藤征弘,やや速い,418,0.10574712643678161,0.2988505747126437
吉岡辰弥,やや速い,138,0.09929078014184398,0.2978723404255319
角居勝彦,やや速い,183,0.11458333333333333,0.296875
国枝栄,やや速い,310,0.1355421686746988,0.29518072289156627
須貝尚介,やや速い,456,0.10408163265306122,0.2938775510204082
音無秀孝,やや速い,468,0.10821643286573146,0.2925851703406814
高柳大輔,やや速い,220,0.10267857142857142,0.29017857142857145
友道康夫,やや速い,273,0.14093959731543623,0.28523489932885904
斉藤崇史,やや速い,288,0.10702341137123746,0.2809364548494983
岡田稲男,やや速い,326,0.08259587020648967,0.28023598820059
杉山晴紀,やや速い,371,0.09768637532133675,0.2776349614395887
高野友和,やや速い,359,0.08695652173913043,0.27445652173913043
武幸四郎,やや速い,240,0.12301587301587301,0.27380952380952384
池添学,やや速い,336,0.10541310541310542,0.2706552706552707
五十嵐忠,やや速い,227,0.06779661016949153,0.2669491525423729
鈴木孝志,やや速い,302,0.0641025641025641,0.266025641025641
田中博康,やや速い,196,0.13,0.265
斎藤誠,やや速い,467,0.09690721649484536,0.2639175257731959
佐藤正雄,やや速い,60,0.06557377049180328,0.26229508196721313
西村真幸,やや速い,403,0.10829493087557604,0.26036866359447003
石坂正,やや速い,270,0.07612456747404844,0.25951557093425603
田村康仁,やや速い,324,0.09510086455331412,0.25936599423631124
池上昌弘,やや速い,60,0.11290322580645161,0.25806451612903225
河内洋,やや速い,332,0.07418397626112759,0.2551928783382789
角田晃一,やや速い,341,0.05507246376811594,0.25507246376811593
萩原清,やや速い,230,0.09716599190283401,0.2550607287449393
清水久詞,やや速い,502,0.07224334600760456,0.25475285171102663
藤岡健一,やや速い,374,0.08661417322834646,0.2545931758530184
高橋亮,やや速い,334,0.06896551724137931,0.25287356321839083
荒川義之,やや速い,314,0.08256880733944955,0.25076452599388377
昆貢,やや速い,315,0.09846153846153846,0.24615384615384617
高木登,やや速い,364,0.10335917312661498,0.2454780361757106
鹿戸雄一,やや速い,317,0.08841463414634146,0.24390243902439024
宗像義忠,やや速い,292,0.059375,0.24375
南井克巳,やや速い,385,0.09024390243902439,0.24146341463414633
古賀慎明,やや速い,297,0.05787781350482315,0.24115755627009647
手塚貴久,やや速い,389,0.0819277108433735,0.24096385542168675
武英智,やや速い,272,0.08243727598566308,0.24014336917562723
中竹和也,やや速い,413,0.09090909090909091,0.23776223776223776
北出成人,やや速い,290,0.08881578947368421,0.23684210526315788
岩戸孝樹,やや速い,322,0.059880239520958084,0.23652694610778444
笹田和秀,やや速い,264,0.06060606060606061,0.23484848484848486
加藤士津,やや速い,171,0.061452513966480445,0.2346368715083799
池添兼雄,やや速い,273,0.06859205776173286,0.23104693140794225
栗田徹,やや速い,316,0.09202453987730061,0.23006134969325154
菊沢隆徳,やや速い,305,0.07119741100323625,0.2297734627831715
松下武士,やや速い,314,0.0856269113149847,0.22935779816513763
矢作芳人,やや速い,662,0.07746478873239436,0.2267605633802817
寺島良,やや速い,402,0.07932692307692307,0.22596153846153846
鮫島一歩,やや速い,349,0.06887052341597796,0.22589531680440772
渡辺薫彦,やや速い,292,0.07744107744107744,0.2255892255892256
中尾秀正,やや速い,272,0.08727272727272728,0.22545454545454546
西園正都,やや速い,443,0.0728051391862955,0.22483940042826553
沖芳夫,やや速い,96,0.061224489795918366,0.22448979591836735
杉山佳明,やや速い,151,0.06369426751592357,0.2229299363057325
加用正,やや速い,326,0.069164265129683,0.2219020172910663
上村洋行,やや速い,152,0.11038961038961038,0.22077922077922077
和田正一,やや速い,211,0.06422018348623854,0.22018348623853212
松永昌博,やや速い,293,0.07540983606557378,0.21967213114754097
伊藤圭三,やや速い,334,0.07514450867052024,0.21965317919075145
新谷功一,やや速い,168,0.08426966292134831,0.21910112359550563
橋田満,やや速い,247,0.06746031746031746,0.21825396825396826
高橋義忠,やや速い,293,0.0711864406779661,0.21694915254237288
中舘英二,やや速い,259,0.11194029850746269,0.21641791044776118
高橋文雅,やや速い,255,0.04477611940298507,0.21641791044776118
佐々木晶,やや速い,339,0.05847953216374269,0.21637426900584794
稲垣幸雄,やや速い,106,0.0990990990990991,0.21621621621621623
本田優,やや速い,459,0.08350730688935282,0.2150313152400835
栗田博憲,やや速い,111,0.05785123966942149,0.21487603305785125
辻野泰之,やや速い,95,0.07142857142857142,0.21428571428571427
森秀行,やや速い,444,0.07407407407407407,0.2139917695473251
高柳瑞樹,やや速い,242,0.07058823529411765,0.21176470588235294
奥村武,やや速い,306,0.0673076923076923,0.21153846153846154
相沢郁,やや速い,331,0.07894736842105263,0.21052631578947367
福島信晴,やや速い,90,0.1,0.21
橋口慎介,やや速い,350,0.059490084985835696,0.2096317280453258
宮田敬介,やや速い,102,0.10476190476190476,0.20952380952380953
奥村豊,やや速い,308,0.06875,0.209375
池上昌和,やや速い,272,0.056338028169014086,0.20774647887323944
牧浦充徳,やや速い,347,0.0718232044198895,0.20718232044198895
尾関知人,やや速い,302,0.0732484076433121,0.2070063694267516
西浦勝一,やや速い,223,0.07172995780590717,0.20675105485232068
鈴木伸尋,やや速い,316,0.0688622754491018,0.20658682634730538
平田修,やや速い,314,0.06832298136645963,0.20496894409937888
安達昭夫,やや速い,276,0.07291666666666667,0.2048611111111111
畠山吉宏,やや速い,289,0.07046979865771812,0.20469798657718122
石坂公一,やや速い,176,0.06818181818181818,0.20454545454545456
川村禎彦,やや速い,345,0.05994550408719346,0.20435967302452315
山内研二,やや速い,223,0.05,0.20416666666666666
宮徹,やや速い,318,0.060790273556231005,0.20364741641337386
庄野靖志,やや速い,297,0.04666666666666667,0.20333333333333334
武井亮,やや速い,268,0.07380073800738007,0.2029520295202952
高橋祥泰,やや速い,173,0.06557377049180328,0.20218579234972678
飯田雄三,やや速い,247,0.05019305019305019,0.20077220077220076
萱野浩二,やや速い,260,0.03409090909090909,0.20075757575757575
石橋守,やや速い,335,0.07344632768361582,0.20056497175141244
梅田智之,やや速い,392,0.04938271604938271,0.2
浜田多実,やや速い,296,0.059800664451827246,0.19933554817275748
今野貞一,やや速い,310,0.08517350157728706,0.19873817034700317
牧光二,やや速い,358,0.05234159779614325,0.19834710743801653
久保田貴,やや速い,332,0.0728862973760933,0.19825072886297376
坂口正則,やや速い,93,0.08333333333333333,0.19791666666666666
大竹正博,やや速い,280,0.08620689655172414,0.19655172413793104
飯田祐史,やや速い,263,0.08178438661710037,0.19330855018587362
和田勇介,やや速い,196,0.06930693069306931,0.19306930693069307
千田輝彦,やや速い,315,0.0572289156626506,0.1927710843373494
岩元市三,やや速い,82,0.03571428571428571,0.19047619047619047
宮本博,やや速い,259,0.055970149253731345,0.19029850746268656
小林真也,やや速い,95,0.06,0.19
高橋康之,やや速い,254,0.050387596899224806,0.18992248062015504
大橋勇樹,やや速い,406,0.052995391705069124,0.1889400921658986
藤原辰雄,やや速い,197,0.03940886699507389,0.18719211822660098
中川公成,やや速い,264,0.07194244604316546,0.18705035971223022
土田稔,やや速い,176,0.05649717514124294,0.1864406779661017
林徹,やや速い,190,0.09547738693467336,0.18592964824120603
浅見秀一,やや速い,321,0.061764705882352944,0.18529411764705883
松元茂樹,やや速い,97,0.04854368932038835,0.18446601941747573
中野栄治,やや速い,327,0.05847953216374269,0.18421052631578946
田中剛,やや速い,227,0.034934497816593885,0.18340611353711792
大根田裕,やや速い,242,0.04878048780487805,0.18292682926829268
羽月友彦,やや速い,287,0.05782312925170068,0.18027210884353742
小笠倫弘,やや速い,245,0.046511627906976744,0.17829457364341086
新開幸一,やや速い,246,0.02702702702702703,0.1776061776061776
吉田直弘,やや速い,324,0.05405405405405406,0.17717717717717718
水野貴広,やや速い,285,0.03103448275862069,0.17586206896551723
金成貴史,やや速い,336,0.05263157894736842,0.17543859649122806
石栗龍彦,やや速い,185,0.042328042328042326,0.1746031746031746
目野哲也,やや速い,60,0.047619047619047616,0.1746031746031746
田中清隆,やや速い,142,0.06711409395973154,0.174496644295302
大和田成,やや速い,274,0.0425531914893617,0.17375886524822695
上原博之,やや速い,236,0.045454545454545456,0.17355371900826447
木原一良,やや速い,260,0.07011070110701106,0.17343173431734318
村山明,やや速い,349,0.06005221932114883,0.17232375979112272
大江原哲,やや速い,204,0.07177033492822966,0.1722488038277512
深山雅史,やや速い,147,0.03821656050955414,0.17197452229299362
武藤善則,やや速い,246,0.046511627906976744,0.17054263565891473
中村均,やや速い,97,0.04,0.17
奥平雅士,やや速い,258,0.03007518796992481,0.16917293233082706
湯窪幸雄,やや速い,165,0.06395348837209303,0.1686046511627907
牧田和弥,やや速い,275,0.060498220640569395,0.16725978647686832
矢野英一,やや速い,278,0.04013377926421405,0.16722408026755853
小西一男,やや速い,298,0.03934426229508197,0.16721311475409836
森田直行,やや速い,360,0.05454545454545454,0.16623376623376623
谷潔,やや速い,278,0.04895104895104895,0.16433566433566432
小手川準,やや速い,129,0.03731343283582089,0.16417910447761194
茶木太樹,やや速い,118,0.06557377049180328,0.16393442622950818
竹内正洋,やや速い,225,0.039647577092511016,0.16299559471365638
高橋裕,やや速い,297,0.041791044776119404,0.16119402985074627
藤沢則雄,やや速い,183,0.04145077720207254,0.16062176165803108
尾形充弘,やや速い,59,0.047619047619047616,0.15873015873015872
西橋豊治,やや速い,128,0.045112781954887216,0.15789473684210525
二ノ宮敬,やや速い,68,0.02857142857142857,0.15714285714285714
黒岩陽一,やや速い,253,0.07224334600760456,0.155893536121673
辻哲英,やや速い,82,0.07142857142857142,0.15476190476190477
中村直也,やや速い,76,0.038461538461538464,0.15384615384615385
小島茂之,やや速い,236,0.06477732793522267,0.14979757085020243
坂口智康,やや速い,140,0.04964539007092199,0.14893617021276595
杉浦宏昭,やや速い,310,0.03785488958990536,0.14826498422712933
蛯名正義,やや速い,54,0.07407407407407407,0.14814814814814814
田島俊明,やや速い,234,0.04201680672268908,0.14705882352941177
小桧山悟,やや速い,269,0.03942652329749104,0.14695340501792115
武市康男,やや速い,282,0.05102040816326531,0.14625850340136054
田所秀孝,やや速い,196,0.043689320388349516,0.14563106796116504
尾形和幸,やや速い,210,0.04090909090909091,0.14545454545454545
清水英克,やや速い,206,0.05581395348837209,0.14418604651162792
堀井雅広,やや速い,243,0.03861003861003861,0.14285714285714285
高橋義博,やや速い,49,0.02040816326530612,0.14285714285714285
勢司和浩,やや速い,168,0.04142011834319527,0.14201183431952663
小崎憲,やや速い,322,0.041791044776119404,0.14029850746268657
西田雄一,やや速い,49,0.0196078431372549,0.13725490196078433
伊藤大士,やや速い,266,0.05054151624548736,0.1371841155234657
戸田博文,やや速い,366,0.04632152588555858,0.1362397820163488
小野次郎,やや速い,222,0.0611353711790393,0.13537117903930132
鈴木慎太,やや速い,100,0.05660377358490566,0.1320754716981132
伊藤伸一,やや速い,165,0.059880239520958084,0.1317365269461078
伊坂重信,やや速い,109,0.02631578947368421,0.13157894736842105
高市圭二,やや速い,171,0.03954802259887006,0.12994350282485875
柴田政人,やや速い,52,0.0,0.12962962962962962
菊川正達,やや速い,302,0.03459119496855346,0.1289308176100629
松山将樹,やや速い,160,0.024390243902439025,0.12804878048780488
松永康利,やや速い,203,0.04265402843601896,0.12796208530805686
粕谷昌央,やや速い,209,0.037383177570093455,0.1261682242990654
石毛善彦,やや速い,237,0.03861003861003861,0.12355212355212356
青木孝文,やや速い,205,0.03755868544600939,0.12206572769953052
和田正道,やや速い,102,0.04672897196261682,0.12149532710280374
伊藤正徳,やや速い,64,0.015151515151515152,0.12121212121212122
星野忍,やや速い,89,0.054945054945054944,0.12087912087912088
古賀史生,やや速い,156,0.0375,0.11875
村田一誠,やや速い,49,0.0196078431372549,0.11764705882352941
佐藤吉勝,やや速い,159,0.030864197530864196,0.11728395061728394
崎山博樹,やや速い,93,0.03125,0.11458333333333333
作田誠二,やや速い,141,0.040268456375838924,0.11409395973154363
柄崎孝,やや速い,133,0.014925373134328358,0.11194029850746269
加藤和宏,やや速い,175,0.027624309392265192,0.11049723756906077
和田雄二,やや速い,220,0.026200873362445413,0.1091703056768559
南田美知,やや速い,242,0.023809523809523808,0.10714285714285714
畑端省吾,やや速い,80,0.023529411764705882,0.10588235294117647
堀内岳志,やや速い,66,0.014925373134328358,0.1044776119402985
天間昭一,やや速い,211,0.013636363636363636,0.09545454545454546
浅野洋一,やや速い,134,0.014492753623188406,0.09420289855072464
蛯名利弘,やや速い,269,0.03125,0.09027777777777778
本間忍,やや速い,197,0.034482758620689655,0.08866995073891626
小島太,やや速い,90,0.0,0.07608695652173914
的場均,やや速い,152,0.012658227848101266,0.06329113924050633
服部利之,やや速い,162,0.028735632183908046,0.06321839080459771
根本康広,やや速い,178,0.026737967914438502,0.058823529411764705
加藤敬二,やや速い,57,0.0,0.034482758620689655
二本柳俊,やや速い,30,0.03333333333333333,0.03333333333333333
谷原義明,やや速い,49,0.0,0.0
中内田充,スロー上がり,239,0.2388663967611336,0.4777327935222672
友道康夫,スロー上がり,438,0.1877637130801688,0.47257383966244726
木村哲也,スロー上がり,277,0.19791666666666666,0.4479166666666667
辻野泰之,スロー上がり,52,0.17857142857142858,0.42857142857142855
藤沢和雄,スロー上がり,280,0.17301038062283736,0.4186851211072664
角居勝彦,スロー上がり,280,0.15894039735099338,0.41721854304635764
国枝栄,スロー上がり,434,0.13894736842105262,0.4063157894736842
池江泰寿,スロー上がり,449,0.13654618473895583,0.39558232931726905
宮田敬介,スロー上がり,88,0.1827956989247312,0.3870967741935484
藤岡健一,スロー上がり,230,0.13793103448275862,0.38362068965517243
杉山晴紀,スロー上がり,171,0.18285714285714286,0.38285714285714284
田中博康,スロー上がり,76,0.15789473684210525,0.3815789473684211
須貝尚介,スロー上がり,356,0.11977715877437325,0.3788300835654596
武幸四郎,スロー上がり,118,0.11764705882352941,0.37815126050420167
堀宣行,スロー上がり,421,0.16818181818181818,0.37727272727272726
藤原英昭,スロー上がり,365,0.11780104712041885,0.3743455497382199
高野友和,スロー上がり,256,0.11877394636015326,0.36015325670498083
斉藤崇史,スロー上がり,271,0.12903225806451613,0.3548387096774194
蛯名正義,スロー上がり,31,0.16129032258064516,0.3548387096774194
松田国英,スロー上がり,145,0.08904109589041095,0.3493150684931507
萩原清,スロー上がり,120,0.12396694214876033,0.34710743801652894
古賀慎明,スロー上がり,180,0.0918918918918919,0.34594594594594597
上村洋行,スロー上がり,84,0.15476190476190477,0.34523809523809523
西村真幸,スロー上がり,207,0.10377358490566038,0.3443396226415094
安田隆行,スロー上がり,197,0.13725490196078433,0.3382352941176471
安田翔伍,スロー上がり,104,0.09615384615384616,0.33653846153846156
池添学,スロー上がり,242,0.12601626016260162,0.3333333333333333
大久保龍,スロー上がり,204,0.08796296296296297,0.3333333333333333
中竹和也,スロー上がり,163,0.09523809523809523,0.3333333333333333
石坂公一,スロー上がり,100,0.12745098039215685,0.3333333333333333
手塚貴久,スロー上がり,304,0.11635220125786164,0.330188679245283
石坂正,スロー上がり,164,0.11976047904191617,0.32934131736526945
奥村武,スロー上がり,162,0.14285714285714285,0.3273809523809524
庄野靖志,スロー上がり,156,0.11464968152866242,0.3248407643312102
渡辺薫彦,スロー上がり,148,0.08860759493670886,0.3227848101265823
橋口慎介,スロー上がり,183,0.12365591397849462,0.3225806451612903
大竹正博,スロー上がり,175,0.15469613259668508,0.30939226519337015
宮本博,スロー上がり,161,0.07317073170731707,0.3048780487804878
鮫島一歩,スロー上がり,242,0.08267716535433071,0.3031496062992126
和田正一,スロー上がり,126,0.12121212121212122,0.30303030303030304
矢作芳人,スロー上がり,512,0.11469534050179211,0.30286738351254483
岡田稲男,スロー上がり,138,0.1079136690647482,0.302158273381295
角田晃一,スロー上がり,115,0.11206896551724138,0.3017241379310345
黒岩陽一,スロー上がり,137,0.13286713286713286,0.3006993006993007
松永幹夫,スロー上がり,257,0.10384615384615385,0.3
栗田徹,スロー上がり,135,0.14074074074074075,0.2962962962962963
昆貢,スロー上がり,170,0.09659090909090909,0.29545454545454547
加藤征弘,スロー上がり,152,0.09740259740259741,0.2922077922077922
池上昌和,スロー上がり,132,0.0948905109489051,0.291970802919708
西浦勝一,スロー上がり,96,0.125,0.2916666666666667
松永昌博,スロー上がり,95,0.08333333333333333,0.2916666666666667
佐々木晶,スロー上がり,202,0.08780487804878048,0.28780487804878047
奥村豊,スロー上がり,140,0.1048951048951049,0.2867132867132867
尾関知人,スロー上がり,273,0.12318840579710146,0.286231884057971
久保田貴,スロー上がり,182,0.11052631578947368,0.28421052631578947
武英智,スロー上がり,106,0.07547169811320754,0.2830188679245283
牧光二,スロー上がり,138,0.06206896551724138,0.2827586206896552
高橋文雅,スロー上がり,133,0.07913669064748201,0.2805755395683453
鹿戸雄一,スロー上がり,392,0.1026252983293556,0.27923627684964203
伊藤圭三,スロー上がり,78,0.06329113924050633,0.27848101265822783
吉村圭司,スロー上がり,174,0.0898876404494382,0.2752808988764045
小島太,スロー上がり,49,0.0392156862745098,0.27450980392156865
戸田博文,スロー上がり,359,0.06060606060606061,0.2727272727272727
林徹,スロー上がり,100,0.13592233009708737,0.27184466019417475
笹田和秀,スロー上がり,168,0.06896551724137931,0.27011494252873564
長谷川浩,スロー上がり,63,0.1111111111111111,0.2698412698412698
武井亮,スロー上がり,119,0.05042016806722689,0.2689075630252101
五十嵐忠,スロー上がり,86,0.13953488372093023,0.26744186046511625
鈴木孝志,スロー上がり,99,0.08,0.26
宮徹,スロー上がり,155,0.02531645569620253,0.25949367088607594
吉田直弘,スロー上がり,116,0.05172413793103448,0.25862068965517243
中尾秀正,スロー上がり,123,0.07258064516129033,0.25806451612903225
田中剛,スロー上がり,93,0.10752688172043011,0.25806451612903225
四位洋文,スロー上がり,65,0.045454545454545456,0.25757575757575757
音無秀孝,スロー上がり,302,0.102803738317757,0.2554517133956386
高橋義忠,スロー上がり,138,0.07801418439716312,0.2553191489361702
野中賢二,スロー上がり,109,0.07272727272727272,0.2545454545454545
河内洋,スロー上がり,181,0.07027027027027027,0.25405405405405407
栗田博憲,スロー上がり,62,0.047619047619047616,0.25396825396825395
宗像義忠,スロー上がり,202,0.09389671361502347,0.2535211267605634
荒川義之,スロー上がり,146,0.06493506493506493,0.2532467532467532
松下武士,スロー上がり,91,0.07368421052631578,0.25263157894736843
小島茂之,スロー上がり,197,0.0970873786407767,0.2524271844660194
清水久詞,スロー上がり,280,0.06944444444444445,0.25
平田修,スロー上がり,142,0.11805555555555555,0.25
斎藤誠,スロー上がり,262,0.08178438661710037,0.24907063197026022
菊沢隆徳,スロー上がり,139,0.07801418439716312,0.24822695035460993
高橋亮,スロー上がり,135,0.08759124087591241,0.24817518248175183
岩戸孝樹,スロー上がり,91,0.07526881720430108,0.24731182795698925
浜田多実,スロー上がり,90,0.1,0.24444444444444444
加藤敬二,スロー上がり,33,0.06060606060606061,0.24242424242424243
北出成人,スロー上がり,157,0.037267080745341616,0.2422360248447205
高柳瑞樹,スロー上がり,91,0.05434782608695652,0.2391304347826087
池上昌弘,スロー上がり,40,0.07142857142857142,0.23809523809523808
今野貞一,スロー上がり,133,0.07407407407407407,0.23703703703703705
南井克巳,スロー上がり,62,0.03125,0.234375
木原一良,スロー上がり,105,0.037383177570093455,0.2336448598130841
小野次郎,スロー上がり,90,0.03333333333333333,0.23333333333333334
石橋守,スロー上がり,103,0.0673076923076923,0.23076923076923078
和田正道,スロー上がり,38,0.05128205128205128,0.23076923076923078
上原博之,スロー上がり,179,0.0962566844919786,0.22994652406417113
高橋康之,スロー上がり,109,0.07339449541284404,0.22935779816513763
小林真也,スロー上がり,42,0.045454545454545456,0.22727272727272727
松元茂樹,スロー上がり,61,0.04838709677419355,0.22580645161290322
竹内正洋,スロー上がり,80,0.0625,0.225
辻哲英,スロー上がり,49,0.061224489795918366,0.22448979591836735
吉岡辰弥,スロー上がり,83,0.09411764705882353,0.2235294117647059
高柳大輔,スロー上がり,67,0.058823529411764705,0.22058823529411764
中舘英二,スロー上がり,99,0.0594059405940594,0.21782178217821782
鈴木伸尋,スロー上がり,78,0.012048192771084338,0.21686746987951808
新開幸一,スロー上がり,72,0.0759493670886076,0.21518987341772153
加用正,スロー上がり,95,0.05102040816326531,0.21428571428571427
池添兼雄,スロー上がり,157,0.050314465408805034,0.2138364779874214
大和田成,スロー上がり,127,0.03816793893129771,0.21374045801526717
田村康仁,スロー上がり,172,0.059782608695652176,0.21195652173913043
本田優,スロー上がり,219,0.07174887892376682,0.21076233183856502
寺島良,スロー上がり,222,0.05652173913043478,0.20869565217391303
杉山佳明,スロー上がり,49,0.10204081632653061,0.20408163265306123
土田稔,スロー上がり,59,0.06779661016949153,0.2033898305084746
西園正都,スロー上がり,164,0.10714285714285714,0.20238095238095238
千田輝彦,スロー上がり,131,0.07407407407407407,0.2
小西一男,スロー上がり,76,0.05194805194805195,0.19480519480519481
相沢郁,スロー上がり,242,0.05555555555555555,0.19444444444444445
羽月友彦,スロー上がり,65,0.014925373134328358,0.19402985074626866
飯田雄三,スロー上がり,65,0.029850746268656716,0.19402985074626866
高木登,スロー上がり,149,0.05161290322580645,0.1935483870967742
安達昭夫,スロー上がり,105,0.07339449541284404,0.1926605504587156
中川公成,スロー上がり,123,0.05555555555555555,0.19047619047619047
梅田智之,スロー上がり,147,0.06962025316455696,0.189873417721519
伊藤大士,スロー上がり,136,0.04195804195804196,0.1888111888111888
大橋勇樹,スロー上がり,94,0.07291666666666667,0.1875
二ノ宮敬,スロー上がり,55,0.01694915254237288,0.1864406779661017
武市康男,スロー上がり,164,0.05952380952380952,0.18452380952380953
稲垣幸雄,スロー上がり,49,0.061224489795918366,0.1836734693877551
金成貴史,スロー上がり,207,0.056338028169014086,0.18309859154929578
谷潔,スロー上がり,114,0.05982905982905983,0.1794871794871795
浅見秀一,スロー上がり,78,0.02564102564102564,0.1794871794871795
武藤善則,スロー上がり,112,0.0625,0.17857142857142858
尾形充弘,スロー上がり,50,0.057692307692307696,0.17307692307692307
高橋祥泰,スロー上がり,120,0.05426356589147287,0.17054263565891473
水野貴広,スロー上がり,93,0.020833333333333332,0.16666666666666666
森田直行,スロー上がり,90,0.0625,0.16666666666666666
橋田満,スロー上がり,126,0.05426356589147287,0.16279069767441862
奥平雅士,スロー上がり,66,0.014705882352941176,0.16176470588235295
菊川正達,スロー上がり,159,0.06547619047619048,0.16071428571428573
松山将樹,スロー上がり,75,0.05333333333333334,0.16
小手川準,スロー上がり,74,0.04,0.16
中野栄治,スロー上がり,184,0.04736842105263158,0.15789473684210525
矢野英一,スロー上がり,76,0.05263157894736842,0.15789473684210525
高橋裕,スロー上がり,128,0.03731343283582089,0.15671641791044777
坂口智康,スロー上がり,44,0.0,0.15555555555555556
柄崎孝,スロー上がり,77,0.038461538461538464,0.15384615384615385
本間忍,スロー上がり,52,0.057692307692307696,0.15384615384615385
森秀行,スロー上がり,179,0.043478260869565216,0.15217391304347827
作田誠二,スロー上がり,32,0.0,0.15151515151515152
尾形和幸,スロー上がり,104,0.04716981132075472,0.1509433962264151
村山明,スロー上がり,124,0.031496062992125984,0.14960629921259844
勢司和浩,スロー上がり,133,0.06716417910447761,0.14925373134328357
青木孝文,スロー上がり,127,0.014925373134328358,0.14925373134328357
和田雄二,スロー上がり,139,0.0425531914893617,0.14893617021276595
小笠倫弘,スロー上がり,79,0.024691358024691357,0.14814814814814814
畠山吉宏,スロー上がり,156,0.036585365853658534,0.14634146341463414
小崎憲,スロー上がり,88,0.0,0.14606741573033707
谷原義明,スロー上がり,42,0.023809523809523808,0.14285714285714285
茶木太樹,スロー上がり,40,0.023809523809523808,0.14285714285714285
沖芳夫,スロー上がり,35,0.0,0.14285714285714285
西田雄一,スロー上がり,35,0.0,0.14285714285714285
和田勇介,スロー上がり,95,0.06,0.14
牧田和弥,スロー上がり,141,0.027777777777777776,0.1388888888888889
中村均,スロー上がり,56,0.05172413793103448,0.13793103448275862
小桧山悟,スロー上がり,153,0.030864197530864196,0.13580246913580246
根本康広,スロー上がり,110,0.035398230088495575,0.13274336283185842
田島俊明,スロー上がり,46,0.06521739130434782,0.13043478260869565
大根田裕,スロー上がり,55,0.03636363636363636,0.12727272727272726
川村禎彦,スロー上がり,100,0.019417475728155338,0.1262135922330097
牧浦充徳,スロー上がり,56,0.07142857142857142,0.125
藤沢則雄,スロー上がり,48,0.04081632653061224,0.12244897959183673
清水英克,スロー上がり,88,0.03333333333333333,0.12222222222222222
杉浦宏昭,スロー上がり,105,0.028037383177570093,0.12149532710280374
服部利之,スロー上がり,81,0.07142857142857142,0.11904761904761904
高橋義博,スロー上がり,50,0.057692307692307696,0.11538461538461539
的場均,スロー上がり,55,0.03636363636363636,0.10909090909090909
伊藤伸一,スロー上がり,71,0.012987012987012988,0.1038961038961039
田中清隆,スロー上がり,104,0.018691588785046728,0.102803738317757
堀井雅広,スロー上がり,125,0.015267175572519083,0.09923664122137404
加藤士津,スロー上がり,60,0.0,0.0967741935483871
蛯名利弘,スロー上がり,60,0.016129032258064516,0.0967741935483871
伊藤正徳,スロー上がり,32,0.0,0.09375
飯田祐史,スロー上がり,43,0.046511627906976744,0.09302325581395349
粕谷昌央,スロー上がり,65,0.015151515151515152,0.09090909090909091
山内研二,スロー上がり,78,0.025,0.0875
石栗龍彦,スロー上がり,57,0.034482758620689655,0.08620689655172414
柴田政人,スロー上がり,54,0.03389830508474576,0.0847457627118644
南田美知,スロー上がり,111,0.008771929824561403,0.07894736842105263
田所秀孝,スロー上がり,82,0.011904761904761904,0.07142857142857142
深山雅史,スロー上がり,42,0.0,0.06521739130434782
堀内岳志,スロー上がり,31,0.03125,0.0625
伊坂重信,スロー上がり,31,0.0,0.06060606060606061
松永康利,スロー上がり,65,0.0,0.05970149253731343
大江原哲,スロー上がり,83,0.023529411764705882,0.058823529411764705
加藤和宏,スロー上がり,89,0.0,0.043478260869565216
佐藤吉勝,スロー上がり,70,0.014285714285714285,0.04285714285714286
天間昭一,スロー上がり,91,0.010638297872340425,0.0425531914893617
西橋豊治,スロー上がり,74,0.0,0.039473684210526314
萱野浩二,スロー上がり,62,0.0,0.031746031746031744
高市圭二,スロー上がり,70,0.0,0.02666666666666667
石毛善彦,スロー上がり,66,0.0,0.014705882352941176
浅野洋一,スロー上がり,46,0.0,0.0
中内田充,ハイ/持続,236,0.15,0.3458333333333333
四位洋文,ハイ/持続,58,0.11666666666666667,0.3333333333333333
堀宣行,ハイ/持続,146,0.12751677852348994,0.31543624161073824
藤沢和雄,ハイ/持続,158,0.1746987951807229,0.3132530120481928
安田隆行,ハイ/持続,458,0.10714285714285714,0.3067226890756303
池上昌弘,ハイ/持続,79,0.0898876404494382,0.30337078651685395
藤原英昭,ハイ/持続,197,0.1485148514851485,0.30198019801980197
松永幹夫,ハイ/持続,271,0.08960573476702509,0.3010752688172043
田中克典,ハイ/持続,113,0.09649122807017543,0.2982456140350877
木村哲也,ハイ/持続,128,0.10606060606060606,0.29545454545454547
上村洋行,ハイ/持続,158,0.13664596273291926,0.2919254658385093
藤岡健一,ハイ/持続,287,0.13513513513513514,0.2905405405405405
西園翔太,ハイ/持続,37,0.07894736842105263,0.2894736842105263
野中賢二,ハイ/持続,244,0.108,0.288
佐々木晶,ハイ/持続,236,0.0875,0.2875
須貝尚介,ハイ/持続,249,0.09961685823754789,0.2835249042145594
高柳大輔,ハイ/持続,251,0.08139534883720931,0.28294573643410853
松永昌博,ハイ/持続,345,0.08611111111111111,0.28055555555555556
西園正都,ハイ/持続,421,0.07990867579908675,0.2762557077625571
武英智,ハイ/持続,212,0.08372093023255814,0.2744186046511628
杉山晴紀,ハイ/持続,302,0.09872611464968153,0.27388535031847133
吉岡辰弥,ハイ/持続,119,0.14049586776859505,0.2727272727272727
戸田博文,ハイ/持続,178,0.08888888888888889,0.2722222222222222
石坂正,ハイ/持続,169,0.10982658959537572,0.27167630057803466
浅見秀一,ハイ/持続,329,0.10344827586206896,0.27011494252873564
武幸四郎,ハイ/持続,198,0.08823529411764706,0.2696078431372549
角居勝彦,ハイ/持続,106,0.09821428571428571,0.26785714285714285
国枝栄,ハイ/持続,161,0.11176470588235295,0.2647058823529412
高橋義忠,ハイ/持続,284,0.08934707903780069,0.2646048109965636
小笠倫弘,ハイ/持続,214,0.10407239819004525,0.26244343891402716
嘉藤貴行,ハイ/持続,42,0.09523809523809523,0.2619047619047619
山内研二,ハイ/持続,209,0.04504504504504504,0.26126126126126126
安田翔伍,ハイ/持続,135,0.07913669064748201,0.2589928057553957
宮田敬介,ハイ/持続,69,0.08571428571428572,0.2571428571428571
辻哲英,ハイ/持続,71,0.05405405405405406,0.25675675675675674
手塚貴久,ハイ/持続,300,0.08125,0.25625
大根田裕,ハイ/持続,250,0.07086614173228346,0.2559055118110236
福島信晴,ハイ/持続,40,0.09302325581395349,0.2558139534883721
松田国英,ハイ/持続,100,0.13725490196078433,0.2549019607843137
小林真也,ハイ/持続,107,0.1,0.2545454545454545
辻野泰之,ハイ/持続,94,0.08421052631578947,0.25263157894736843
田村康仁,ハイ/持続,263,0.075,0.25
奥村武,ハイ/持続,206,0.12735849056603774,0.25
高柳瑞樹,ハイ/持続,221,0.0815450643776824,0.24892703862660945
谷潔,ハイ/持続,207,0.06542056074766354,0.24766355140186916
五十嵐忠,ハイ/持続,192,0.06565656565656566,0.2474747474747475
池江泰寿,ハイ/持続,161,0.09195402298850575,0.2471264367816092
鈴木孝志,ハイ/持続,302,0.08064516129032258,0.24516129032258063
昆貢,ハイ/持続,198,0.049019607843137254,0.24509803921568626
加藤士津,ハイ/持続,169,0.0718232044198895,0.2430939226519337
加藤征弘,ハイ/持続,332,0.09620991253644315,0.24198250728862974
沖芳夫,ハイ/持続,89,0.043478260869565216,0.2391304347826087
橋口慎介,ハイ/持続,256,0.06130268199233716,0.23754789272030652
岩元市三,ハイ/持続,91,0.041237113402061855,0.23711340206185566
伊藤圭三,ハイ/持続,452,0.08523908523908524,0.23700623700623702
音無秀孝,ハイ/持続,404,0.09382151029748284,0.23569794050343248
高野友和,ハイ/持続,272,0.08455882352941177,0.23529411764705882
橋田満,ハイ/持続,200,0.07352941176470588,0.23529411764705882
村山明,ハイ/持続,389,0.07175925925925926,0.2337962962962963
吉田直弘,ハイ/持続,300,0.07119741100323625,0.23300970873786409
高木登,ハイ/持続,280,0.09246575342465753,0.2328767123287671
鹿戸雄一,ハイ/持続,192,0.08585858585858586,0.23232323232323232
角田晃一,ハイ/持続,284,0.09897610921501707,0.23208191126279865
鮫島一歩,ハイ/持続,329,0.06086956521739131,0.2318840579710145
矢作芳人,ハイ/持続,391,0.1026252983293556,0.2315035799522673
清水久詞,ハイ/持続,371,0.06426735218508997,0.23136246786632392
寺島良,ハイ/持続,316,0.07384615384615385,0.23076923076923078
長谷川浩,ハイ/持続,151,0.07643312101910828,0.22929936305732485
梅田智之,ハイ/持続,337,0.0718232044198895,0.2292817679558011
茶木太樹,ハイ/持続,110,0.07017543859649122,0.22807017543859648
池添学,ハイ/持続,274,0.09929078014184398,0.22695035460992907
西村真幸,ハイ/持続,302,0.07861635220125786,0.22641509433962265
萩原清,ハイ/持続,218,0.10619469026548672,0.22566371681415928
斎藤誠,ハイ/持続,350,0.08707865168539326,0.2247191011235955
高橋祥泰,ハイ/持続,197,0.04878048780487805,0.22439024390243903
加用正,ハイ/持続,277,0.09621993127147767,0.22336769759450173
中舘英二,ハイ/持続,274,0.09285714285714286,0.22142857142857142
奥村豊,ハイ/持続,329,0.06865671641791045,0.2208955223880597
田中博康,ハイ/持続,152,0.07142857142857142,0.22077922077922077
水野貴広,ハイ/持続,317,0.06116207951070336,0.22018348623853212
竹内正洋,ハイ/持続,272,0.06227106227106227,0.21978021978021978
大久保龍,ハイ/持続,259,0.07692307692307693,0.21978021978021978
斉藤崇史,ハイ/持続,207,0.06542056074766354,0.21962616822429906
宗像義忠,ハイ/持続,184,0.06091370558375635,0.2182741116751269
栗田徹,ハイ/持続,300,0.0749185667752443,0.2182410423452769
庄野靖志,ハイ/持続,294,0.066006600660066,0.21782178217821782
吉村圭司,ハイ/持続,288,0.08,0.21666666666666667
牧浦充徳,ハイ/持続,442,0.08441558441558442,0.21645021645021645
森秀行,ハイ/持続,477,0.08424908424908426,0.21611721611721613
友道康夫,ハイ/持続,107,0.0603448275862069,0.21551724137931033
久保田貴,ハイ/持続,228,0.055793991416309016,0.2145922746781116
矢野英一,ハイ/持続,287,0.06354515050167224,0.2140468227424749
石橋守,ハイ/持続,284,0.07023411371237458,0.2140468227424749
菊沢隆徳,ハイ/持続,237,0.08368200836820083,0.21338912133891214
池上昌和,ハイ/持続,217,0.06060606060606061,0.21212121212121213
河内洋,ハイ/持続,254,0.0625,0.2109375
池添兼雄,ハイ/持続,228,0.075,0.20833333333333334
新谷功一,ハイ/持続,149,0.06493506493506493,0.2077922077922078
高橋文雅,ハイ/持続,219,0.05726872246696035,0.20704845814977973
木原一良,ハイ/持続,264,0.08333333333333333,0.20652173913043478
宮本博,ハイ/持続,217,0.07174887892376682,0.2062780269058296
新開幸一,ハイ/持続,213,0.05829596412556054,0.2062780269058296
小野次郎,ハイ/持続,251,0.08527131782945736,0.2054263565891473
大竹正博,ハイ/持続,201,0.07582938388625593,0.2037914691943128
平田修,ハイ/持続,223,0.047619047619047616,0.20346320346320346
和田正一,ハイ/持続,177,0.08021390374331551,0.20320855614973263
南井克巳,ハイ/持続,335,0.056338028169014086,0.2028169014084507
西浦勝一,ハイ/持続,153,0.0759493670886076,0.20253164556962025
小崎憲,ハイ/持続,348,0.07277628032345014,0.20215633423180593
畠山吉宏,ハイ/持続,210,0.07476635514018691,0.20093457943925233
中川公成,ハイ/持続,209,0.0593607305936073,0.2009132420091324
松下武士,ハイ/持続,336,0.08,0.2
石坂公一,ハイ/持続,147,0.09333333333333334,0.2
中尾秀正,ハイ/持続,299,0.052980132450331126,0.1986754966887417
宮徹,ハイ/持続,242,0.06324110671936758,0.1976284584980237
高市圭二,ハイ/持続,117,0.05737704918032787,0.19672131147540983
金成貴史,ハイ/持続,228,0.05240174672489083,0.1965065502183406
武井亮,ハイ/持続,273,0.07272727272727272,0.19636363636363635
千田輝彦,ハイ/持続,291,0.08038585209003216,0.19614147909967847
湯窪幸雄,ハイ/持続,127,0.06015037593984962,0.19548872180451127
大橋勇樹,ハイ/持続,353,0.07567567567567568,0.1945945945945946
武藤善則,ハイ/持続,322,0.0744047619047619,0.19345238095238096
牧田和弥,ハイ/持続,262,0.06319702602230483,0.19330855018587362
萱野浩二,ハイ/持続,261,0.06439393939393939,0.19318181818181818
今野貞一,ハイ/持続,283,0.06529209621993128,0.19243986254295534
荒川義之,ハイ/持続,218,0.056768558951965066,0.19213973799126638
高橋亮,ハイ/持続,269,0.05434782608695652,0.19202898550724637
杉浦宏昭,ハイ/持続,300,0.03559870550161812,0.19093851132686085
石栗龍彦,ハイ/持続,208,0.05581395348837209,0.19069767441860466
尾関知人,ハイ/持続,225,0.06637168141592921,0.1902654867256637
中竹和也,ハイ/持続,359,0.06842105263157895,0.18947368421052632
杉山佳明,ハイ/持続,142,0.0763888888888889,0.1875
飯田祐史,ハイ/持続,336,0.069164265129683,0.1873198847262248
高橋裕,ハイ/持続,244,0.04780876494023904,0.18725099601593626
奥平雅士,ハイ/持続,254,0.05343511450381679,0.18702290076335878
小西一男,ハイ/持続,286,0.061016949152542375,0.1864406779661017
松元茂樹,ハイ/持続,80,0.08139534883720931,0.18604651162790697
田中剛,ハイ/持続,188,0.04736842105263158,0.18421052631578946
鈴木慎太,ハイ/持続,86,0.09195402298850575,0.1839080459770115
佐藤吉勝,ハイ/持続,182,0.05945945945945946,0.1837837837837838
川村禎彦,ハイ/持続,345,0.0646900269541779,0.18328840970350405
中村均,ハイ/持続,107,0.06363636363636363,0.18181818181818182
栗田博憲,ハイ/持続,113,0.05128205128205128,0.1794871794871795
西田雄一,ハイ/持続,64,0.04477611940298507,0.1791044776119403
北出成人,ハイ/持続,333,0.05747126436781609,0.1781609195402299
上原博之,ハイ/持続,180,0.053763440860215055,0.1774193548387097
浜田多実,ハイ/持続,292,0.05537459283387622,0.1758957654723127
青木孝文,ハイ/持続,159,0.04242424242424243,0.17575757575757575
岩戸孝樹,ハイ/持続,290,0.039735099337748346,0.17549668874172186
林徹,ハイ/持続,137,0.06293706293706294,0.17482517482517482
古賀慎明,ハイ/持続,185,0.041025641025641026,0.17435897435897435
渡辺薫彦,ハイ/持続,238,0.04938271604938271,0.1728395061728395
岡田稲男,ハイ/持続,320,0.051515151515151514,0.17272727272727273
高橋康之,ハイ/持続,256,0.038314176245210725,0.1724137931034483
飯田雄三,ハイ/持続,256,0.07116104868913857,0.17228464419475656
田島俊明,ハイ/持続,283,0.0684931506849315,0.17123287671232876
佐藤正雄,ハイ/持続,65,0.06153846153846154,0.16923076923076924
牧光二,ハイ/持続,325,0.05504587155963303,0.16819571865443425
深山雅史,ハイ/持続,148,0.055900621118012424,0.16770186335403728
古賀史生,ハイ/持続,196,0.06565656565656566,0.16666666666666666
崎山博樹,ハイ/持続,85,0.06666666666666667,0.16666666666666666
菊川正達,ハイ/持続,208,0.051643192488262914,0.1643192488262911
根本康広,ハイ/持続,239,0.044,0.164
和田勇介,ハイ/持続,174,0.03954802259887006,0.1638418079096045
鈴木伸尋,ハイ/持続,319,0.050595238095238096,0.1636904761904762
相沢郁,ハイ/持続,272,0.05776173285198556,0.1624548736462094
小島太,ハイ/持続,73,0.08108108108108109,0.16216216216216217
柴田光陽,ハイ/持続,60,0.014705882352941176,0.16176470588235295
清水英克,ハイ/持続,224,0.048034934497816595,0.1615720524017467
尾形充弘,ハイ/持続,47,0.06,0.16
羽月友彦,ハイ/持続,224,0.03017241379310345,0.15948275862068967
伊藤大士,ハイ/持続,261,0.02888086642599278,0.1588447653429603
笹田和秀,ハイ/持続,230,0.05982905982905983,0.1581196581196581
小手川準,ハイ/持続,107,0.009259259259259259,0.1574074074074074
二ノ宮敬,ハイ/持続,46,0.0196078431372549,0.1568627450980392
本田優,ハイ/持続,384,0.05303030303030303,0.15656565656565657
稲垣幸雄,ハイ/持続,90,0.09375,0.15625
緒方努,ハイ/持続,30,0.03125,0.15625
小島茂之,ハイ/持続,152,0.03225806451612903,0.15483870967741936
勢司和浩,ハイ/持続,194,0.04975124378109453,0.15422885572139303
西橋豊治,ハイ/持続,124,0.07086614173228346,0.14960629921259844
森田直行,ハイ/持続,327,0.0443213296398892,0.14958448753462603
松山将樹,ハイ/持続,153,0.03225806451612903,0.14838709677419354
安達昭夫,ハイ/持続,187,0.06282722513089005,0.14659685863874344
黒岩陽一,ハイ/持続,147,0.033112582781456956,0.1456953642384106
坂口智康,ハイ/持続,184,0.03684210526315789,0.14210526315789473
堀井雅広,ハイ/持続,246,0.038314176245210725,0.1417624521072797
大和田成,ハイ/持続,231,0.06224066390041494,0.14107883817427386
土田稔,ハイ/持続,216,0.031818181818181815,0.1409090909090909
大江原哲,ハイ/持続,203,0.02857142857142857,0.1380952380952381
藤原辰雄,ハイ/持続,162,0.04819277108433735,0.13253012048192772
畑端省吾,ハイ/持続,83,0.047619047619047616,0.13095238095238096
柄崎孝,ハイ/持続,148,0.0392156862745098,0.13071895424836602
蛯名利弘,ハイ/持続,258,0.03663003663003663,0.1282051282051282
目野哲也,ハイ/持続,54,0.07272727272727272,0.12727272727272726
中野栄治,ハイ/持続,266,0.028268551236749116,0.127208480565371
伊藤伸一,ハイ/持続,147,0.046052631578947366,0.125
中村直也,ハイ/持続,83,0.022727272727272728,0.125
服部利之,ハイ/持続,163,0.04093567251461988,0.12280701754385964
藤沢則雄,ハイ/持続,255,0.03237410071942446,0.1223021582733813
加藤敬二,ハイ/持続,58,0.08620689655172414,0.1206896551724138
加藤和宏,ハイ/持続,193,0.00980392156862745,0.11764705882352941
星野忍,ハイ/持続,138,0.03597122302158273,0.11510791366906475
谷原義明,ハイ/持続,34,0.02857142857142857,0.11428571428571428
作田誠二,ハイ/持続,100,0.05660377358490566,0.11320754716981132
尾形和幸,ハイ/持続,202,0.043478260869565216,0.1111111111111111
田所秀孝,ハイ/持続,161,0.030120481927710843,0.10843373493975904
伊坂重信,ハイ/持続,97,0.029411764705882353,0.10784313725490197
和田雄二,ハイ/持続,180,0.03684210526315789,0.10526315789473684
小桧山悟,ハイ/持続,215,0.044642857142857144,0.09821428571428571
田中清隆,ハイ/持続,139,0.013986013986013986,0.0979020979020979
二本柳俊,ハイ/持続,30,0.0,0.0967741935483871
粕谷昌央,ハイ/持続,185,0.010362694300518135,0.09326424870466321
松永康利,ハイ/持続,166,0.023255813953488372,0.09302325581395349
武市康男,ハイ/持続,264,0.03345724907063197,0.09293680297397769
和田正道,ハイ/持続,81,0.03409090909090909,0.09090909090909091
柴田政人,ハイ/持続,32,0.030303030303030304,0.09090909090909091
天間昭一,ハイ/持続,224,0.02575107296137339,0.08583690987124463
村田一誠,ハイ/持続,48,0.061224489795918366,0.08163265306122448
的場均,ハイ/持続,167,0.016666666666666666,0.07777777777777778
南田美知,ハイ/持続,212,0.013636363636363636,0.07727272727272727
堀内岳志,ハイ/持続,38,0.02564102564102564,0.07692307692307693
浅野洋一,ハイ/持続,153,0.012658227848101266,0.0759493670886076
坂口正則,ハイ/持続,66,0.045454545454545456,0.07575757575757576
石毛善彦,ハイ/持続,175,0.010638297872340425,0.07446808510638298
本間忍,ハイ/持続,209,0.02727272727272727,0.07272727272727272
高橋義博,ハイ/持続,33,0.0,0.058823529411764705
伊藤正徳,ハイ/持続,63,0.015873015873015872,0.047619047619047616
中内田充,標準〜やや上がり,301,0.16883116883116883,0.3961038961038961
嘉藤貴行,標準〜やや上がり,38,0.07692307692307693,0.38461538461538464
上村洋行,標準〜やや上がり,116,0.1794871794871795,0.37606837606837606
安田翔伍,標準〜やや上がり,154,0.14743589743589744,0.36538461538461536
池江泰寿,標準〜やや上がり,484,0.1340782122905028,0.3649906890130354
友道康夫,標準〜やや上がり,420,0.12008733624454149,0.35152838427947597
木村哲也,標準〜やや上がり,279,0.15878378378378377,0.35135135135135137
藤沢和雄,標準〜やや上がり,301,0.13479623824451412,0.3510971786833856
辻野泰之,標準〜やや上がり,67,0.2028985507246377,0.34782608695652173
萩原清,標準〜やや上がり,175,0.15083798882681565,0.3463687150837989
松田国英,標準〜やや上がり,154,0.12903225806451613,0.3419354838709677
堀宣行,標準〜やや上がり,407,0.1655011655011655,0.3333333333333333
藤原英昭,標準〜やや上がり,418,0.11214953271028037,0.3294392523364486
大久保龍,標準〜やや上がり,295,0.11400651465798045,0.3289902280130293
須貝尚介,標準〜やや上がり,417,0.12,0.3288888888888889
池添学,標準〜やや上がり,299,0.12091503267973856,0.3235294117647059
国枝栄,標準〜やや上がり,420,0.1206896551724138,0.32112068965517243
松元茂樹,標準〜やや上がり,78,0.1282051282051282,0.32051282051282054
田中博康,標準〜やや上がり,177,0.12972972972972974,0.31891891891891894
高野友和,標準〜やや上がり,328,0.12835820895522387,0.3164179104477612
中村直也,標準〜やや上がり,50,0.1346153846153846,0.3076923076923077
西村真幸,標準〜やや上がり,281,0.07903780068728522,0.3024054982817869
矢作芳人,標準〜やや上がり,627,0.11127596439169139,0.30118694362017806
高柳大輔,標準〜やや上がり,148,0.11333333333333333,0.3
安田隆行,標準〜やや上がり,315,0.11692307692307692,0.29846153846153844
牧光二,標準〜やや上がり,212,0.06511627906976744,0.29767441860465116
吉岡辰弥,標準〜やや上がり,119,0.12403100775193798,0.2868217054263566
松永昌博,標準〜やや上がり,184,0.10582010582010581,0.2857142857142857
四位洋文,標準〜やや上がり,55,0.10714285714285714,0.2857142857142857
松永幹夫,標準〜やや上がり,306,0.09717868338557993,0.2852664576802508
杉山晴紀,標準〜やや上がり,240,0.124,0.284
角居勝彦,標準〜やや上がり,254,0.10247349823321555,0.2826855123674912
高橋亮,標準〜やや上がり,229,0.09829059829059829,0.28205128205128205
高柳瑞樹,標準〜やや上がり,153,0.10897435897435898,0.28205128205128205
田中克典,標準〜やや上がり,74,0.10666666666666667,0.28
栗田博憲,標準〜やや上がり,70,0.09333333333333334,0.28
昆貢,標準〜やや上がり,228,0.09282700421940929,0.27848101265822783
林徹,標準〜やや上がり,127,0.1297709923664122,0.2748091603053435
角田晃一,標準〜やや上がり,212,0.09216589861751152,0.271889400921659
斉藤崇史,標準〜やや上がり,310,0.121875,0.271875
石坂正,標準〜やや上がり,230,0.07407407407407407,0.2716049382716049
橋口慎介,標準〜やや上がり,278,0.10676156583629894,0.2704626334519573
尾関知人,標準〜やや上がり,280,0.09215017064846416,0.26621160409556316
高橋祥泰,標準〜やや上がり,150,0.07547169811320754,0.2641509433962264
石坂公一,標準〜やや上がり,126,0.09302325581395349,0.26356589147286824
野中賢二,標準〜やや上がり,184,0.07368421052631578,0.2631578947368421
岡田稲男,標準〜やや上がり,220,0.10407239819004525,0.26244343891402716
高木登,標準〜やや上がり,277,0.0859106529209622,0.2611683848797251
鹿戸雄一,標準〜やや上がり,365,0.08072916666666667,0.2604166666666667
佐々木晶,標準〜やや上がり,262,0.0830188679245283,0.26037735849056604
手塚貴久,標準〜やや上がり,348,0.104,0.25866666666666666
久保田貴,標準〜やや上がり,281,0.0859106529209622,0.25773195876288657
西園正都,標準〜やや上がり,268,0.10108303249097472,0.2563176895306859
斎藤誠,標準〜やや上がり,334,0.09302325581395349,0.2558139534883721
宮本博,標準〜やや上がり,218,0.049107142857142856,0.2544642857142857
寺島良,標準〜やや上がり,289,0.08250825082508251,0.25412541254125415
稲垣幸雄,標準〜やや上がり,89,0.07692307692307693,0.25274725274725274
吉村圭司,標準〜やや上がり,214,0.10550458715596331,0.25229357798165136
清水久詞,標準〜やや上がり,396,0.10679611650485436,0.25
尾形充弘,標準〜やや上がり,57,0.05,0.25
中竹和也,標準〜やや上がり,336,0.08069164265129683,0.2478386167146974
音無秀孝,標準〜やや上がり,421,0.0746606334841629,0.24660633484162897
藤岡健一,標準〜やや上がり,339,0.09770114942528736,0.2442528735632184
和田正一,標準〜やや上がり,203,0.09569377990430622,0.24401913875598086
牧浦充徳,標準〜やや上がり,112,0.10434782608695652,0.24347826086956523
加用正,標準〜やや上がり,213,0.084070796460177,0.24336283185840707
上原博之,標準〜やや上がり,195,0.08415841584158416,0.24257425742574257
安達昭夫,標準〜やや上がり,191,0.06060606060606061,0.24242424242424243
武英智,標準〜やや上がり,189,0.09278350515463918,0.2422680412371134
武幸四郎,標準〜やや上がり,180,0.04838709677419355,0.24193548387096775
小笠倫弘,標準〜やや上がり,145,0.0738255033557047,0.24161073825503357
今野貞一,標準〜やや上がり,226,0.06866952789699571,0.24034334763948498
五十嵐忠,標準〜やや上がり,151,0.05844155844155844,0.24025974025974026
古賀慎明,標準〜やや上がり,216,0.08547008547008547,0.23931623931623933
渡辺薫彦,標準〜やや上がり,228,0.06172839506172839,0.23868312757201646
河内洋,標準〜やや上がり,263,0.04905660377358491,0.23773584905660378
武井亮,標準〜やや上がり,214,0.07407407407407407,0.2361111111111111
大竹正博,標準〜やや上がり,250,0.08235294117647059,0.23529411764705882
宮田敬介,標準〜やや上がり,94,0.05319148936170213,0.23404255319148937
庄野靖志,標準〜やや上がり,209,0.08878504672897196,0.2336448598130841
千田輝彦,標準〜やや上がり,200,0.04830917874396135,0.2318840579710145
南井克巳,標準〜やや上がり,211,0.07555555555555556,0.2311111111111111
池上昌和,標準〜やや上がり,201,0.08653846153846154,0.23076923076923078
中川公成,標準〜やや上がり,185,0.07853403141361257,0.23036649214659685
伊藤圭三,標準〜やや上がり,136,0.08633093525179857,0.2302158273381295
本田優,標準〜やや上がり,324,0.08059701492537313,0.2298507462686567
加藤征弘,標準〜やや上がり,219,0.06222222222222222,0.22666666666666666
奥村豊,標準〜やや上がり,240,0.09090909090909091,0.22529644268774704
笹田和秀,標準〜やや上がり,233,0.09322033898305085,0.2245762711864407
坂口正則,標準〜やや上がり,49,0.04081632653061224,0.22448979591836735
栗田徹,標準〜やや上がり,209,0.06018518518518518,0.2222222222222222
加藤士津,標準〜やや上がり,104,0.05555555555555555,0.2222222222222222
畠山吉宏,標準〜やや上がり,211,0.058823529411764705,0.22171945701357465
浅見秀一,標準〜やや上がり,135,0.07142857142857142,0.22142857142857142
辻哲英,標準〜やや上がり,64,0.04411764705882353,0.22058823529411764
松下武士,標準〜やや上がり,214,0.07623318385650224,0.21973094170403587
黒岩陽一,標準〜やや上がり,203,0.06796116504854369,0.21844660194174756
中舘英二,標準〜やや上がり,165,0.07647058823529412,0.21764705882352942
蛯名正義,標準〜やや上がり,45,0.08695652173913043,0.21739130434782608
菊沢隆徳,標準〜やや上がり,219,0.08597285067873303,0.2171945701357466
沖芳夫,標準〜やや上がり,64,0.1076923076923077,0.2153846153846154
西浦勝一,標準〜やや上がり,156,0.09815950920245399,0.2147239263803681
岩戸孝樹,標準〜やや上がり,189,0.06598984771573604,0.2131979695431472
田中剛,標準〜やや上がり,140,0.07092198581560284,0.2127659574468085
池添兼雄,標準〜やや上がり,218,0.06787330316742081,0.21266968325791855
戸田博文,標準〜やや上がり,332,0.038922155688622756,0.2125748502994012
矢野英一,標準〜やや上がり,165,0.06857142857142857,0.21142857142857144
新谷功一,標準〜やや上がり,69,0.07042253521126761,0.2112676056338028
吉田直弘,標準〜やや上がり,174,0.049723756906077346,0.20994475138121546
金成貴史,標準〜やや上がり,239,0.07407407407407407,0.20987654320987653
森田直行,標準〜やや上がり,183,0.05102040816326531,0.20918367346938777
平田修,標準〜やや上がり,252,0.058823529411764705,0.20784313725490197
中尾秀正,標準〜やや上がり,173,0.07471264367816093,0.20689655172413793
小島茂之,標準〜やや上がり,232,0.037037037037037035,0.205761316872428
大和田成,標準〜やや上がり,169,0.05,0.20555555555555555
高橋義忠,標準〜やや上がり,218,0.09049773755656108,0.20361990950226244
橋田満,標準〜やや上がり,174,0.062146892655367235,0.2033898305084746
大根田裕,標準〜やや上がり,118,0.04065040650406504,0.2032520325203252
北出成人,標準〜やや上がり,238,0.055776892430278883,0.20318725099601595
宮徹,標準〜やや上がり,245,0.0625,0.203125
鈴木孝志,標準〜やや上がり,195,0.07575757575757576,0.20202020202020202
尾形和幸,標準〜やや上がり,151,0.05194805194805195,0.2012987012987013
小西一男,標準〜やや上がり,159,0.050314465408805034,0.20125786163522014
牧田和弥,標準〜やや上がり,204,0.04784688995215311,0.20095693779904306
相沢郁,標準〜やや上がり,329,0.038922155688622756,0.20059880239520958
松永康利,標準〜やや上がり,136,0.014184397163120567,0.19858156028368795
大橋勇樹,標準〜やや上がり,228,0.04132231404958678,0.19834710743801653
田中清隆,標準〜やや上がり,121,0.06557377049180328,0.19672131147540983
梅田智之,標準〜やや上がり,280,0.06375838926174497,0.19463087248322147
杉浦宏昭,標準〜やや上がり,151,0.07096774193548387,0.1935483870967742
宗像義忠,標準〜やや上がり,220,0.07983193277310924,0.19327731092436976
長谷川浩,標準〜やや上がり,122,0.07086614173228346,0.1889763779527559
和田勇介,標準〜やや上がり,148,0.045454545454545456,0.18831168831168832
西田雄一,標準〜やや上がり,32,0.03125,0.1875
和田正道,標準〜やや上がり,58,0.03389830508474576,0.1864406779661017
二ノ宮敬,標準〜やや上がり,57,0.0847457627118644,0.1864406779661017
奥村武,標準〜やや上がり,212,0.05909090909090909,0.18636363636363637
山内研二,標準〜やや上がり,146,0.052980132450331126,0.18543046357615894
木原一良,標準〜やや上がり,143,0.0684931506849315,0.18493150684931506
池上昌弘,標準〜やや上がり,47,0.0,0.1836734693877551
和田雄二,標準〜やや上がり,188,0.07253886010362694,0.18134715025906736
村山明,標準〜やや上がり,236,0.036,0.18
川村禎彦,標準〜やや上がり,189,0.04,0.18
武市康男,標準〜やや上がり,200,0.033816425120772944,0.178743961352657
伊藤大士,標準〜やや上がり,228,0.04149377593360996,0.17842323651452283
羽月友彦,標準〜やや上がり,153,0.044585987261146494,0.17834394904458598
水野貴広,標準〜やや上がり,196,0.05555555555555555,0.17676767676767677
岩元市三,標準〜やや上がり,46,0.0,0.17391304347826086
森秀行,標準〜やや上がり,234,0.040983606557377046,0.1721311475409836
藤原辰雄,標準〜やや上がり,107,0.02702702702702703,0.17117117117117117
鈴木伸尋,標準〜やや上がり,188,0.04878048780487805,0.17073170731707318
高橋文雅,標準〜やや上がり,159,0.06666666666666667,0.1696969696969697
奥平雅士,標準〜やや上がり,156,0.05454545454545454,0.1696969696969697
中村均,標準〜やや上がり,70,0.028169014084507043,0.16901408450704225
湯窪幸雄,標準〜やや上がり,82,0.033707865168539325,0.16853932584269662
田村康仁,標準〜やや上がり,235,0.06772908366533864,0.16733067729083664
長浜博之,標準〜やや上がり,35,0.0,0.16666666666666666
石橋守,標準〜やや上がり,186,0.0374331550802139,0.1657754010695187
新開幸一,標準〜やや上がり,161,0.06285714285714286,0.1657142857142857
鮫島一歩,標準〜やや上がり,277,0.04794520547945205,0.1643835616438356
田島俊明,標準〜やや上がり,107,0.06363636363636363,0.16363636363636364
高橋康之,標準〜やや上がり,157,0.062111801242236024,0.16149068322981366
浜田多実,標準〜やや上がり,179,0.0718232044198895,0.16022099447513813
佐藤正雄,標準〜やや上がり,32,0.0625,0.15625
小野次郎,標準〜やや上がり,132,0.05185185185185185,0.15555555555555556
深山雅史,標準〜やや上がり,86,0.06666666666666667,0.15555555555555556
荒川義之,標準〜やや上がり,222,0.034482758620689655,0.15517241379310345
柄崎孝,標準〜やや上がり,110,0.01818181818181818,0.15454545454545454
武藤善則,標準〜やや上がり,195,0.04975124378109453,0.15422885572139303
小崎憲,標準〜やや上がり,178,0.04395604395604396,0.15384615384615385
田所秀孝,標準〜やや上がり,158,0.06666666666666667,0.15151515151515152
杉山佳明,標準〜やや上がり,79,0.0125,0.15
中野栄治,標準〜やや上がり,225,0.04564315352697095,0.14937759336099585
小手川準,標準〜やや上がり,109,0.017543859649122806,0.14912280701754385
谷原義明,標準〜やや上がり,45,0.0425531914893617,0.14893617021276595
清水英克,標準〜やや上がり,150,0.06451612903225806,0.14838709677419354
茶木太樹,標準〜やや上がり,51,0.037037037037037035,0.14814814814814814
崎山博樹,標準〜やや上がり,34,0.0,0.14285714285714285
飯田雄三,標準〜やや上がり,169,0.056818181818181816,0.14204545454545456
粕谷昌央,標準〜やや上がり,145,0.04,0.14
青木孝文,標準〜やや上がり,175,0.03333333333333333,0.1388888888888889
高橋裕,標準〜やや上がり,176,0.03783783783783784,0.13513513513513514
菊川正達,標準〜やや上がり,230,0.04219409282700422,0.1350210970464135
竹内正洋,標準〜やや上がり,134,0.022222222222222223,0.13333333333333333
伊藤伸一,標準〜やや上がり,129,0.044444444444444446,0.13333333333333333
小林真也,標準〜やや上がり,50,0.05660377358490566,0.1320754716981132
坂口智康,標準〜やや上がり,66,0.028985507246376812,0.13043478260869565
小島太,標準〜やや上がり,60,0.03225806451612903,0.12903225806451613
石毛善彦,標準〜やや上がり,162,0.04395604395604396,0.12637362637362637
佐藤吉勝,標準〜やや上がり,110,0.008849557522123894,0.12389380530973451
堀井雅広,標準〜やや上がり,185,0.061855670103092786,0.12371134020618557
福島信晴,標準〜やや上がり,39,0.024390243902439025,0.12195121951219512
目野哲也,標準〜やや上がり,30,0.06060606060606061,0.12121212121212122
鈴木慎太,標準〜やや上がり,57,0.034482758620689655,0.1206896551724138
蛯名利弘,標準〜やや上がり,155,0.018072289156626505,0.12048192771084337
高市圭二,標準〜やや上がり,124,0.03007518796992481,0.12030075187969924
大江原哲,標準〜やや上がり,136,0.035211267605633804,0.11971830985915492
飯田祐史,標準〜やや上がり,117,0.016666666666666666,0.11666666666666667
高橋義博,標準〜やや上がり,58,0.016666666666666666,0.11666666666666667
星野忍,標準〜やや上がり,69,0.028985507246376812,0.11594202898550725
松山将樹,標準〜やや上がり,118,0.032520325203252036,0.11382113821138211
加藤和宏,標準〜やや上がり,119,0.016666666666666666,0.10833333333333334
勢司和浩,標準〜やや上がり,146,0.013513513513513514,0.10810810810810811
作田誠二,標準〜やや上がり,54,0.03571428571428571,0.10714285714285714
藤沢則雄,標準〜やや上がり,92,0.021052631578947368,0.10526315789473684
谷潔,標準〜やや上がり,157,0.037037037037037035,0.10493827160493827
南田美知,標準〜やや上がり,144,0.006535947712418301,0.10457516339869281
小桧山悟,標準〜やや上がり,233,0.028112449799196786,0.10441767068273092
土田稔,標準〜やや上がり,125,0.03968253968253968,0.10317460317460317
柴田政人,標準〜やや上がり,57,0.01694915254237288,0.1016949152542373
的場均,標準〜やや上がり,99,0.03,0.1
西橋豊治,標準〜やや上がり,118,0.016129032258064516,0.0967741935483871
石栗龍彦,標準〜やや上がり,85,0.023529411764705882,0.09411764705882353
根本康広,標準〜やや上がり,146,0.0196078431372549,0.0915032679738562
村田一誠,標準〜やや上がり,33,0.0,0.09090909090909091
畑端省吾,標準〜やや上がり,48,0.0,0.08163265306122448
伊藤正徳,標準〜やや上がり,60,0.03225806451612903,0.08064516129032258
本間忍,標準〜やや上がり,109,0.03571428571428571,0.08035714285714286
伊坂重信,標準〜やや上がり,50,0.0392156862745098,0.0784313725490196
天間昭一,標準〜やや上がり,156,0.024242424242424242,0.07272727272727272
服部利之,標準〜やや上がり,107,0.008695652173913044,0.06956521739130435
萱野浩二,標準〜やや上がり,172,0.016853932584269662,0.06179775280898876
加藤敬二,標準〜やや上がり,50,0.02,0.06
浅野洋一,標準〜やや上がり,55,0.017543859649122806,0.05263157894736842
古賀史生,標準〜やや上がり,82,0.024096385542168676,0.04819277108433735
堀内岳志,標準〜やや上がり,43,0.02127659574468085,0.0425531914893617
